pool_index,nombre,provincia_id,lat,lng,image_url
0,CABA,1,-34.6144420654301,-58.4458763250916,
1,Balnearia,6,-31.0128513966305,-62.6653740889213,
2,Nahuel Mapá,19,-34.7857388029787,-66.1763305637941,
3,Villa del Dique,6,-32.1763512233751,-64.4569384953227,
4,Paraje 29,21,-29.1082245319843,-60.2392862643997,
5,San Agustín,17,-24.9959615891767,-65.4408140237448,
6,Las Leñas,13,-35.1476106139429,-70.0821307486407,
7,Silva,21,-30.4473008902458,-60.4305625615632,
8,Barrio Sadop - Bella Vista,18,-31.5342147802431,-68.3984742648401,
9,Villa Candelaria,6,-29.8129102449212,-63.3551261194399,
10,San Marcos Sierra,6,-30.7830128979704,-64.6361895651717,
11,Barrio Caleta Córdova,5,-45.7488001218466,-67.378767782759,
12,Erezcano,2,-33.52346278207,-60.3166280184361,
13,El Aguilar,10,-23.2133391780757,-65.6789277733973,
14,Santa María,2,-37.5584052464645,-61.8744494107033,
15,Chauchillas,22,-27.5193593877444,-64.5594338275309,
16,Barrio Alto del Olvido,13,-32.6696505479246,-68.5800012318464,
17,El Algarrobal,13,-32.836885004476,-68.7707577387305,
18,San Antonio Oeste,16,-40.7301325794789,-64.9389710745023,
19,Bovril,8,-31.343579683492,-59.4463897661907,
20,25 de Mayo,11,-37.774908489351,-67.7135403757323,
21,Barrio Ntra. Sra. De Fátima,13,-33.125358284827,-68.347895174128,
22,Aldea Protestante,8,-32.0293027894612,-60.5618081310949,
23,Roberts,2,-35.1429124620256,-61.9704389327608,
24,Julia Dufour,20,-51.5472871481372,-72.2390440680909,
25,Espartillar,2,-37.3611255964229,-62.4338504694523,
26,Curuzú Cuatiá,7,-29.7914512117216,-58.0498588056217,
27,Rodeo de Valdez,22,-27.5501934072337,-64.512494905801,
28,Villa de Trancas,24,-26.2309081628456,-65.2834466386947,
29,Milagro,12,-31.0058165762144,-65.992395165732,
30,Comodoro Rivadavia,5,-45.8625644045819,-67.494000786158,
31,Bayauca,2,-34.8674710803271,-61.2872903832123,
32,Las Acequias,6,-33.2802823361599,-63.9753761495156,
33,Ñorquincó,16,-41.8489280851284,-70.8982152354122,
34,General Ramírez,8,-32.1772681367295,-60.2016467358906,
35,Wenceslao Escalante,6,-33.1716770019156,-62.7694161079015,
36,Llambi Campbell,21,-31.1841834739127,-60.7476804302059,
37,Lafinur,19,-32.0625819746666,-65.3501415424308,
38,Comicó,16,-41.0706957526207,-67.4780683827772,
39,Speluzzi,11,-35.5497080167874,-63.8205097114007,
40,Montecarlo,14,-26.5666537204477,-54.7661267981311,
41,Pueblo General Belgrano,8,-33.0173732799664,-58.475033211034,
42,San Juan de Quillaqués,10,-23.230693154198,-66.3427769201449,
43,El Zampal,13,-33.3990666467458,-69.1057397865026,
44,La Colina,2,-37.3593869063237,-61.5357449066946,
45,Yuchán,22,-27.7808539046501,-62.9752638344764,
46,Puerto Deseado,20,-47.7517194088909,-65.9009487268108,
47,Estación Yeruá,8,-31.471106728684,-58.2633298098291,
48,Villa de Pocho,6,-31.4901575769203,-65.2809505456354,
49,Paso Aguerre,15,-39.338783703078,-69.8435966962213,
50,Villa Ortiz,2,-34.8445367882073,-60.3063011463663,
51,La Invencible,2,-34.2670181288751,-60.3858028206226,
52,Laharrague,14,-26.535391180415,-54.6497388775023,
53,Gorchs,2,-35.672069646017,-58.958410415197,
54,Maciel,21,-32.4568417564494,-60.8924601993888,
55,Atahona,6,-30.9029674267497,-63.7063294940983,
56,Las Lajitas,17,-24.7274016897704,-64.1954659803225,
57,Moquehuá,2,-35.092209149403,-59.7757105008045,
58,Barrio Calle Ciega Nº 10,16,-39.0222796733538,-67.8034178503475,
59,Villa Figueroa,22,-27.7212279278424,-63.5065630634756,
60,Marayes,18,-31.4634402549446,-67.3515068309781,
61,7ma Sección,13,-32.877642821815,-68.8709094556066,
62,Chascomús,2,-35.5742063770635,-58.011281450951,
63,Leandro N. Alem,19,-32.4862569541599,-66.053015683134,
64,Villa Esperanza,2,-33.4213834087717,-60.2603632967081,
65,Ramón M. Castro,15,-38.8643297107263,-69.7446960918835,
66,Alcaraz,8,-31.4573653455777,-59.5985723120056,
67,Pueblo Comechingones,6,-31.1714887271348,-63.6053259903679,
68,Nuestra Señora de Talavera,17,-25.4589914825356,-63.7797579155682,
69,San Ignacio,14,-27.2586133303264,-55.5389747941103,
70,Ojeda,11,-35.3069414204845,-64.0060798931943,
71,Zenón Videla Dorna,2,-35.5420844897832,-58.8864507537748,
72,Arroyo San Antonio,6,-32.2562251197951,-64.6077980473932,
73,José Juan Almeyra,2,-34.9215851673876,-59.542229637721,
74,Roversi,22,-27.592326630772,-61.9437296789356,
75,Cinco Saltos,16,-38.8248893488532,-68.0617688136538,
76,Talaini,6,-31.249850218493,-65.1692870783873,
77,El Resguardo,13,-32.8303390304647,-68.8209663176292,
78,Barrio Guerrico,16,-39.0173211191915,-67.7184353319822,
79,Tabossi,8,-31.8016595891036,-59.935952939523,
80,Barrio Laprida,5,-45.8283932353205,-67.5426438874095,
81,Sunchales,21,-30.945077034013,-61.5606621388413,
82,General Lucio V. Mansilla,9,-26.6576895087904,-58.6304602621182,
83,Pomona,16,-39.4870461345692,-65.6107963481982,
84,Villa Mascardi,16,-41.349553642129,-71.5090416296635,
85,Herradura,9,-26.4898478096851,-58.311618190832,
86,Villa Catedral,16,-41.1676214987138,-71.4402137272645,
87,Teodelina,21,-34.1895733079562,-61.5265215961979,
88,Las Tinajas,22,-27.4657166524371,-62.9179656623378,
89,Polco,12,-30.4054215485116,-66.3679936936504,
90,General Cabrera,6,-32.8145729537056,-63.8749572232084,
91,Álvarez de Toledo,2,-35.6393730456478,-59.6311412076099,
92,Pismanta,18,-30.2802254035094,-69.2279466704071,
93,Viedma,16,-40.8083677299022,-62.9949287297467,
94,Estación Saguier,21,-31.316273169572,-61.6962090269134,
95,Carrodilla,13,-32.9674232624478,-68.8516196087317,
96,Las Rosas,21,-32.4750508722115,-61.5765081663526,
97,Chavarría,7,-28.9552557117496,-58.5717674623871,
98,Puesto de San Antonio,22,-27.6630844208093,-64.3785938772565,
99,La Central,13,-33.2731667432222,-68.3153119980095,
100,El Sauzal,4,-24.578514059593,-61.5349548136704,
101,Villa Eloísa,21,-32.9638882646234,-61.5510135195736,
102,Ingeniero Barbet,4,-27.002424705928,-59.4826230875459,
103,San José,13,-33.3082825254093,-69.1528988847786,
104,Olacapato,17,-24.1374864316847,-66.7188264152385,
105,Ingeniero Otto Krause,16,-39.1072352864144,-66.9981167180275,
106,Aldao,21,-30.9805768820895,-61.7432530327355,
107,Colonia Italiana,6,-33.3117017575472,-62.176462774246,
108,General Daniel Cerri,2,-38.7193655455279,-62.3953089757156,
109,Reducción de Abajo,13,-33.2216139210305,-68.5574841362076,
110,Vista Alegre Sur,15,-38.7730298028857,-68.135492123563,
111,Centro Guerrero,2,-36.055467874484,-57.8210962168972,
112,El Colorado,8,-32.1819731193292,-58.1946826986345,
113,Conlara,6,-32.0773534684113,-65.2294604480298,
114,La Trinidad,24,-27.4142855671272,-65.5167750952965,
115,Los Quirquinchos,21,-33.3748594819552,-61.7104920093924,
116,Villa Amancay,6,-32.1861840457394,-64.5673892136594,
117,Barrio María Elvira,16,-38.9916083100859,-67.9647603580476,
118,Diego de Alvear,21,-34.372650342893,-62.128215946094,
119,Faro,2,-38.7965246047502,-61.0703877087327,
120,General Alvear,8,-31.9455148849987,-60.680121897539,
121,Ampascachi,17,-25.3526532165204,-65.5282293039128,
122,Candioti,21,-31.4013903523262,-60.748981610734,
123,Lazzarino,21,-34.1654637732041,-62.4281209086302,
124,Arroyo del Medio,14,-27.6982566288122,-55.4048641020127,
125,Inriville,6,-32.945647467009,-62.2307908603693,
126,Warnes,2,-34.9101336709228,-60.5389528273212,
127,Villa Quillinzo,6,-32.2365474320847,-64.5136041058573,
128,Las Talas,12,-28.4417989310154,-67.119230714955,
129,Liviara,10,-22.5210652304427,-66.3376830601011,
130,Monte del Rosario,6,-30.9822672144269,-63.6018303746432,
131,El Cóndor,16,-41.0412857501304,-62.829010313718,
132,Emilio V. Bunge,2,-34.7835139287208,-63.1956538141881,
133,Colonia Belgrano,21,-31.9094510313995,-61.4009185852123,
134,Casalins,2,-36.3163608052112,-58.5514293687728,
135,Dufaur,2,-37.9428114794239,-62.2830886448847,
136,Nicolás Bruzzone,6,-34.4404202357062,-64.3416413140051,
137,Las Lagunas,19,-32.6280580772529,-65.5485981279346,
138,Quines,19,-32.2328558717756,-65.8050366858062,
139,Ocloyas,10,-23.9441100407681,-65.2317019309515,
140,Kilómetro 658,6,-31.3688486221668,-63.530628418199,
141,Colonia 10 de Julio,6,-30.5252374883065,-62.1124344158168,
142,Mallín Ahogado,16,-41.8396332751023,-71.504412388147,
143,Canals,6,-33.5621726336415,-62.8850856145061,
144,Alto Verde,24,-27.3776265089749,-65.6081216579867,
145,General Campos,8,-31.5233761986049,-58.4058045394824,
146,La Florida,24,-26.8188845586951,-65.0936153061334,
147,Infanzón,3,-28.579033524573,-65.4050006254354,
148,Santo Domingo,22,-26.2163641126823,-63.7774962793826,
149,Las Flores,18,-30.3224851594708,-69.2043008133451,
150,Barrio La Costa,16,-39.0922864206975,-67.2033567124145,
151,Caseros,8,-32.4621188922836,-58.4793213231488,
152,Goudge,13,-34.6800298339323,-68.1317373135165,
153,Colonia Raquel,21,-30.8368344282322,-61.488042997533,
154,El Rincón,22,-26.7236441164626,-64.4455918317201,
155,Hale,2,-36.0020643354201,-60.855489814834,
156,Las Peñas,6,-30.5639628575725,-64.0002665759206,
157,Desvío Arijón,21,-31.8705513326584,-60.8892460452894,
158,Chucul,6,-33.0093371221871,-64.1699747861705,
159,Nueva California,13,-32.7495188169017,-68.3241242048459,
160,Vista Alegre Norte,15,-38.7341830659577,-68.1728230299109,
161,Mojón Grande,14,-27.7120413813374,-55.1574339761207,
162,Coronel Manuel L. Rico,22,-26.3857413100398,-61.8122844844299,
163,Alvear,7,-29.09883935098,-56.5534358403365,
164,Colonia Iturraspe,6,-31.2078362692456,-62.1103101028249,
165,El Empalme,16,-40.7115608505761,-65.0037252454271,
166,Chicoana,17,-25.1026672894015,-65.5350470071057,
167,Plottier,15,-38.9523548715081,-68.2271473892684,
168,Del Valle,2,-35.8998918047927,-60.7302753701018,
169,Saforcada,2,-34.5728278659011,-61.074208603857,
170,Sarmiento,5,-45.5868679096809,-69.0689409610272,
171,Ulapes,12,-31.5727465596669,-66.237533257096,
172,Monte Vera,21,-31.5168015662579,-60.6786765037235,
173,Mar de Ajó Norte,2,-36.717111900525,-56.6770670772511,
174,La Consulta,13,-33.733847173131,-69.1198852597666,
175,Villa Alsina,2,-33.9076609182152,-59.3906490653271,
176,Tinoco,6,-31.1245074978079,-63.8917952670958,
177,Colonia Carlos Pellegrini,7,-28.5372356876725,-57.1713500894698,
178,Sarasa,2,-34.0480939107829,-61.2017243473526,
179,Lago Epuyén,5,-42.2168904344569,-71.4296708918742,
180,Gobernador Gregores,20,-48.7508973372058,-70.2485196596237,
181,Juan A. Pradere,2,-39.6024515767254,-62.6527946396309,
182,Parada Acuña,7,-29.9088415707249,-57.9588655544584,
183,Enrique Carbó,8,-33.1454610724344,-59.20805582252,
184,Pujato,21,-33.0176482197441,-61.0430535409981,
185,Las Toninas,2,-36.4883405821009,-56.7049719429497,
186,San Pedro Norte,6,-30.0910815199101,-64.1549271383854,
187,Barrio Intendencia,13,-34.6468691024787,-68.2649912036625,
188,Arrecifes,2,-34.0675149078578,-60.1086915850167,
189,El Turbio,20,-51.68091861252,-72.0884962680537,
190,Tafí del Valle,24,-26.8519448937972,-65.71069016081,
191,Pirovano,2,-36.5101574870878,-61.5555189951424,
192,Vinará,22,-27.3788994514735,-64.7946018412599,
193,La Gloria,11,-36.5083841391324,-63.7431085297245,
194,Barrio Santa Teresita,17,-25.0371194213985,-65.5721625852223,
195,Hernando,6,-32.4278813952385,-63.7334711036897,
196,Girodias,2,-36.3657483912208,-62.3580799980758,
197,Washington,6,-33.8737376102712,-64.6895940042447,
198,Urundel,17,-23.5578641799717,-64.3969298334448,
199,Loventué,11,-36.1888953927316,-65.289332461436,
200,Villa Ojo de Agua,22,-29.5028073843862,-63.6949683700925,
201,San Clemente del Tuyú,2,-36.3541931252553,-56.7256793076295,
202,Garabato,21,-28.9544900875832,-60.1350767620573,
203,Villa Flor Serrana,6,-31.3905452515201,-64.5956887243474,
204,Colpes,3,-28.0586376131505,-66.1976605707736,
205,Concepción,7,-28.3932008623293,-57.8869168616331,
206,Tres de Febrero,1,-34.5960620390683,-58.5791687873004,
207,El Médano,18,-30.1270144537509,-68.6814403274428,
208,Banderaló,2,-35.0148684045152,-63.3759618191184,
209,Tolloche,17,-25.5257008337302,-63.5243197183811,
210,Villa Gutiérrez,6,-30.6792055355653,-64.1601540603629,
211,Colonia Dolores,21,-30.382384557723,-60.3304860707389,
212,La Trinidad,2,-34.1070008226694,-61.1327498008198,
213,Jardín América,14,-27.0431587896035,-55.2270180224147,
214,Barrio Santa Rita,16,-39.126374176646,-67.1027376582618,
215,Barrio Los Olivos,13,-32.679323003314,-68.3318687823886,
216,Centro 25 de Junio,17,-24.9572985161978,-63.8546440512315,
217,Monterrico,10,-24.4429604452463,-65.1660933144522,
218,Ochandío,2,-38.3592119302894,-59.7932721394937,
219,Rawson,18,-31.569169129647,-68.5417501769497,
220,Villa El Tango,18,-31.7492563033392,-68.2360865403218,
221,Coronel Hilario Lagos,11,-35.0241215550401,-63.9120713203455,
222,Inés Indart,2,-34.3962925470533,-60.5368496522854,
223,Gaona,17,-25.2414908191714,-64.0372176659907,
224,Tancacha,6,-32.2375848129104,-63.9798657745832,
225,Aminga,12,-28.8477653028629,-66.9304965980319,
226,Manantiales,10,-24.5343091599977,-64.9769025134671,
227,Fitz Roy,20,-47.0263477886883,-67.2473968411481,
228,Las Palmas,4,-27.048750965144,-58.6823960236933,
229,Barrio Saavedra,5,-45.8415111049113,-67.5064244994082,
230,Nueva Lehmann,21,-31.118904985754,-61.515198965269,
231,Villa Basilio Nievas,18,-31.5484646475955,-68.7293719829141,
232,Capitán Bermúdez,21,-32.8264562379917,-60.7161557546827,
233,La Maruja,11,-35.673878960176,-64.942139647443,
234,Simoca,24,-27.262904015139,-65.3579173017904,
235,Los Puestos,24,-27.2818366538138,-65.0194383331167,
236,Tres Cruces,10,-22.918210554407,-65.5875851905061,
237,Villa Dolores,6,-31.9449767629495,-65.1902396962461,
238,Trebolares,11,-35.5844688283462,-63.5890778943806,
239,Santiago de Liniers,14,-26.4011899197027,-54.415647354223,
240,Kilómetro 11 - Cuarteles,5,-45.7694264717128,-67.4358568293595,
241,Colonia Videla,6,-31.917276973402,-63.5035080788882,
242,América,2,-35.4891640479858,-62.9758916831348,
243,San Jerónimo,19,-33.1380492927944,-66.5240256343146,
244,General Galarza,8,-32.7204846633082,-59.3957065604885,
245,Nelson,21,-31.2658325064826,-60.7644507999057,
246,La Población,6,-32.0662526110844,-65.0296172538922,
247,Copahue,15,-37.8188587997186,-71.0987785990263,
248,Cienaguita,18,-32.0771610846943,-68.693531008472,
249,La Llave Nueva,13,-34.6391381138348,-68.0099058579305,
250,El Trigo,2,-35.8802756225975,-59.4060705269642,
251,Loteo Costa de Río,16,-40.8698040115554,-62.920389148668,
252,Paso de Indios,5,-43.8643860057353,-69.0465861742933,
253,Santa Florentina,12,-29.1293216721004,-67.5561365983596,
254,Mosmota,19,-33.6711785917479,-66.9720138521536,
255,Agustín Roca,2,-34.5072540354127,-60.86489881645,
256,Aldea Salto,8,-31.9248332176685,-60.5473518905461,
257,Los Campamentos,13,-33.2754932315601,-68.3925795256069,
258,Barranca Larga,3,-26.9828636014962,-66.7390636195755,
259,La Matanza,1,-34.7702975343898,-58.6253776153662,
260,El Alamito,3,-27.494568045547,-66.022448759223,
261,Olavarría,2,-36.8938423224315,-60.3231937143701,
262,Salinas del Bebedero,19,-33.5013818949778,-66.65145868425,
263,Ingenio San Pablo,24,-26.8699922127003,-65.310892532054,
264,Los Alisos,10,-24.2685736314687,-65.3002956637024,
265,Paulina,10,-23.845065447003,-64.740544449243,
266,San Pedro de Toyos,6,-30.4542122342579,-64.4448949849585,
267,Barrio Moño Azul,16,-39.1358482496252,-66.8947969646409,
268,Colonia Vignaud,6,-30.8414191623266,-61.9566136513492,
269,Rodero,10,-23.0623666894842,-65.3265514635211,
270,Bella Vista,7,-28.5076832122621,-59.0452172890593,
271,Lobos,2,-35.1854255468713,-59.0978341614036,
272,Villa Zorraquín,8,-31.3218570608507,-58.0144861434651,
273,Alto Pencoso,19,-33.4329324778772,-66.9259429398373,
274,Villa San Marcial (Est. Gobernador Urquiza),8,-32.1800689137102,-58.9285380838471,
275,Barrio Costa Oeste,16,-39.0280740237134,-67.8406950461602,
276,El Quimilo,3,-29.8993520757253,-65.3979048133024,
277,Fontana,4,-27.4202374033126,-59.0373912551351,
278,Corral Quemado,3,-27.1448010677264,-66.9447586037509,
279,Caimancito,10,-23.7399374747541,-64.5916005257069,
280,Comandante Luis Piedrabuena,20,-49.985576992417,-68.9092992971819,
281,Irineo Portela,2,-33.9798303828433,-59.6701217083133,
282,Ernestina,2,-35.268920909582,-59.5571323199126,
283,Coronel Pringles,2,-37.9856677754422,-61.3503974314576,
284,Santa Ana,7,-27.4553549984351,-58.6547603461789,
285,La Batea,6,-30.3722741905701,-65.3081506835707,
286,La Punta,19,-33.1836751359859,-66.3124809489235,
287,Las Petacas,21,-31.8211859275252,-62.1104993813252,
288,Villa Campi,2,-33.360724726341,-60.300046996968,
289,Huáncar,10,-23.564098730782,-66.409950175363,
290,Santurce,21,-30.1865677486846,-61.1810772669898,
291,Abra Pampa,10,-22.7226922709668,-65.6970391781325,
292,Toay,11,-36.673898048391,-64.3797897154644,
293,San Andrés de Giles,2,-34.4423774190107,-59.4475191783366,
294,Desiderio Tello,12,-31.2124968486754,-66.3144307396543,
295,Aldea Spatzenkutter,8,-31.9461790345738,-60.5808627344469,
296,Uriburu,11,-36.5063202439509,-63.8601089739274,
297,Jocolí,13,-32.5812141318551,-68.6651447010916,
298,Las Cejas,24,-26.8884091159514,-64.7411258905347,
299,Isla del Cerrito,4,-27.2914991170767,-58.6194294875231,
300,Bermejo,13,-32.8673131267475,-68.779539700913,
301,Colonia Bicha,21,-30.8541295519254,-61.8495354585601,
302,Estación General Obligado,4,-27.4116262609828,-59.4193459037811,
303,Las Guachas,8,-32.4702188089563,-59.1729259161367,
304,Medanitos,3,-26.7507779940066,-66.0787233659467,
305,Sampacho,6,-33.3840227581931,-64.722878268168,
306,Puerto Pinares,14,-26.4273389693379,-54.6829642579317,
307,Chasicó,2,-38.3373320283001,-62.6445852070943,
308,Pampa Landriel,4,-27.3946839706567,-61.1025627085806,
309,Esquiú,3,-29.3788610113225,-65.2902628195316,
310,Tosquitas,6,-33.8196836254827,-64.4576700736724,
311,Costasacate,6,-31.6453192327198,-63.7588686595111,
312,Olaroz Chico,10,-23.3936701449168,-66.8030922078707,
313,Villa María,6,-32.4135041930881,-63.248329032642,
314,Villa Fontana,8,-31.9053433169782,-60.4736941547727,
315,Tilcara,10,-23.5768951588348,-65.3933729257421,
316,Valcheta,16,-40.6763517072528,-66.1665170291686,
317,El Sombrero,7,-27.7035428215827,-58.7686059898584,
318,Roosevelt,2,-35.8468999842255,-63.2909563505954,
319,Berna,21,-29.2726680150419,-59.8453110954468,
320,Los Overos,19,-35.8774779166824,-66.4531758468904,
321,Tres Lagos,20,-49.5979102036138,-71.4467467899851,
322,Febré,8,-32.475267674938,-59.9189010779794,
323,Sarah,11,-35.0280789306098,-63.6859330160218,
324,Bella Vista,24,-27.0327919289339,-65.3070898626718,
325,Yacoraite,10,-23.3878061932966,-65.3446878040781,
326,San Isidro,10,-24.5560811977564,-64.9420666962449,
327,Ciudad de Las Heras,13,-32.8509435777421,-68.836014945095,
328,Maquinchao,16,-41.2502258739988,-68.6982547651825,
329,Copacabana,6,-30.6429020291104,-64.4995043048417,
330,Amanao,3,-27.5349731302927,-66.5053368941792,
331,Lucio V. López,21,-32.7153962408456,-61.0174588271492,
332,Nueva Delicia,14,-26.1817287082965,-54.5912164492971,
333,Las Caleras,6,-32.3888032444727,-64.5214358049346,
334,La Toma,19,-33.0544967292574,-65.6213756393883,
335,Colonia Malligasta,12,-29.1980640659613,-67.3981725015383,
336,Sierra Chica,2,-36.8448834486469,-60.2267518257223,
337,Tamangueyú,2,-38.2019905359123,-58.739146939682,
338,Margarita,21,-29.687649602218,-60.2531843946388,
339,El Cuy,16,-39.9260942582871,-68.3427538524034,
340,La Higuera,6,-31.0132902934693,-65.1028961989253,
341,Benito Legerén,8,-31.4346390911775,-58.0719424917441,
342,Bermejo,18,-31.5885052091725,-67.6569924992168,
343,Malvinas Argentinas,6,-31.3742535756696,-64.0536917332686,
344,Manuel García Fernández,24,-26.9557033913379,-65.272073063004,
345,Puerto Madryn,5,-42.7672814961937,-65.0366755877063,
346,Laguna Paiva,21,-31.3073577549174,-60.6599224679659,
347,Laborde,6,-33.1548398413497,-62.8574761898126,
348,Margarita Belén,4,-27.2590568299922,-58.9705547398788,
349,Ferré,2,-34.1225764933129,-61.1333856353918,
350,Choya,3,-27.5210492835342,-66.3838425629266,
351,Videla,21,-30.9429218479973,-60.6570125965506,
352,San Miguel,12,-29.178242612745,-67.4744219919575,
353,Arroyo Ventana,16,-41.6654413470312,-66.0942475588998,
354,D'Orbigny,2,-37.6765455742887,-61.707744337486,
355,San Enrique,2,-35.7698421793855,-60.350450153264,
356,Federal,8,-30.9562142806914,-58.7795875052823,
357,Coronel Cornejo,17,-22.7369036928268,-63.8188965074591,
358,Buena Vista,3,-27.5057204577168,-66.022880509377,
359,El Bobadal,22,-26.7240419064587,-64.3963648827359,
360,Quilino,6,-30.2141741753478,-64.4993682465442,
361,Calingasta,18,-31.3345240273629,-69.4207034984075,
362,General Acha,11,-37.3782127768943,-64.6042187341506,
363,Las Marianas,2,-35.0529402662696,-59.5127026169849,
364,Todd,2,-34.0335541163485,-60.1552705427843,
365,Uquía,10,-23.303592710159,-65.3560791065859,
366,Colonia General Roca,8,-31.3508509297983,-58.0850767832094,
367,San Genaro Norte,21,-32.3649521820216,-61.3371671845922,
368,Salazar,2,-36.3071820120069,-62.2029985679908,
369,San Genaro,21,-32.3716513477851,-61.3599440342638,
370,Colonia Valtelina,6,-31.0536627278608,-62.234464021568,
371,12 de Octubre,2,-35.6051664542091,-60.9191473234903,
372,Huanguelén,2,-37.0588752626612,-61.9325411165077,
373,San Carlos,7,-27.7436223924694,-55.8984316807213,
374,Banco Payaguá,9,-26.7074221967841,-58.3383398190948,
375,Cascada,2,-37.292500093337,-62.2971962042407,
376,Barrio Chivilcoy,13,-33.0419589980266,-68.3527068774072,
377,Las Peñas,6,-32.5347057052658,-64.1045725963687,
378,Las Plumas,5,-43.7216248834969,-67.2842377970135,
379,Capitán Sarmiento,2,-34.1712798488744,-59.7935986802151,
380,Verónica,2,-35.3874096593697,-57.3381716096861,
381,Los Cedros,6,-31.526484535565,-64.2814214559366,
382,La Rioja,12,-29.412884219358,-66.8558279775847,
383,Mogna,18,-30.6953846370268,-68.3603076169169,
384,Santa Cruz,3,-28.5009225087712,-65.664118478515,
385,Juan Bautista Alberdi,2,-34.4385163313831,-61.8120901544653,
386,Sauce Pinto,8,-31.8430823355075,-60.3716007205911,
387,San Alberto,14,-26.8082370998635,-54.9894731619228,
388,San Miguel,14,-26.8536577633327,-54.8887924064813,
389,Santa Trinidad,2,-37.4876926359872,-61.9258558367656,
390,Alcira Gigena,6,-32.7588292300939,-64.3340334156491,
391,Villa Mugueta,21,-33.3119649556946,-61.0562946555637,
392,Chazón,6,-33.0778686830531,-63.2750688076142,
393,San Jaime de la Frontera,8,-30.3403401359976,-58.3069291581191,
394,Venados Grandes,4,-27.8163479454318,-61.3828840983219,
395,Coronel Seguí,2,-34.8674400521518,-60.3929714439828,
396,Villa de Leales,24,-27.1938307365674,-65.3102425138808,
397,Cintra,6,-32.3063318200183,-62.6516060754802,
398,Santa Lucía,7,-28.9898522481525,-59.1007625543369,
399,Ciudad de Maipú,13,-32.9811590584922,-68.7951731079071,
400,Larroque,8,-33.0365215310336,-58.9990862025396,
401,Pichincha,2,-34.5791984775085,-62.3516306573346,
402,Monte de los Gauchos,6,-33.6390864181845,-63.8896728302675,
403,Campo Los Andes,13,-33.7003219358023,-69.1764950169006,
404,Santa Rosa de los Pastos Grandes,17,-24.4676152734848,-66.6735664588287,
405,Sarmiento,21,-31.0588068148206,-61.1671974799289,
406,Colonia Suiza,16,-41.09453426104,-71.5086139742413,
407,Anjullón,12,-28.7238472248338,-66.9233840560209,
408,Dorrego,13,-32.918910717642,-68.8330630594375,
409,Pedro Gómez Cello,21,-30.038474096133,-60.3152433947699,
410,Marcos Juárez,6,-32.6906362907814,-62.1011265194652,
411,Aldea San Isidro (El Cimarrón),8,-30.9741023051628,-58.9964135435597,
412,Ceibalito,17,-25.1102342981988,-64.2751997462448,
413,Ex Ingenio Esperanza,24,-26.8450218892077,-65.0890946482249,
414,Salto Encantado,14,-27.0873225759686,-54.8333673267174,
415,Chosmes,19,-33.4039796111002,-66.8035503663637,
416,Santa Eleodora,2,-34.6945082719613,-62.6955805417506,
417,Conesa,2,-33.5958037996128,-60.3557411992853,
418,Colonia Ortiz de Ocampo,12,-30.962785080594,-66.1766930299756,
419,Barrio Los Charabones,13,-32.9961930922983,-68.278228450411,
420,Los Altares,5,-43.8861146804746,-68.4116439963048,
421,Barrio Blanco,16,-39.0352780689805,-67.7930920348891,
422,Vuelta de la Barranca,22,-27.8914989472381,-64.1956914760943,
423,Arroyo Cabral,6,-32.489493401271,-63.4023757740179,
424,Tío Pujio,6,-32.2870733284187,-63.3536812962105,
425,Potrero de los Funes,19,-33.2173981922507,-66.2312695846812,
426,Puerto Bermejo Viejo,4,-26.9269363002325,-58.5091157065524,
427,Sinsacate,6,-30.9429292725557,-64.0940329405365,
428,Campo Gallo,22,-26.5839525416973,-62.8470501510851,
429,El Hueco,3,-28.4220705786785,-65.7117637445973,
430,Juella,10,-23.5226619916908,-65.4000137514936,
431,El Ramblón,8,-31.8468764834646,-60.1012521230134,
432,El Rodeo,6,-30.1752381164085,-63.8641311942201,
433,Alta Gracia,6,-31.6497921262742,-64.429871976201,
434,Villa Alpina,6,-31.956360003836,-64.8134564861105,
435,Villa Quinteros,24,-27.2528891446981,-65.5492035203704,
436,Casa de Piedra,3,-29.6045481364721,-65.5197363815238,
437,Ushuaia,23,-54.8074039816905,-68.3037571781958,
438,Barrio Los Jarilleros,13,-32.7163045405058,-68.652106137092,
439,Iltico,24,-27.3357762348,-65.6544317317101,
440,Soledad,21,-30.6196492468845,-60.9145137681214,
441,Lavalle,7,-29.0233312186356,-59.1791542656857,
442,Dragones,17,-23.2487552042526,-63.3410248586497,
443,El Lindero,3,-27.4531060000311,-66.0045034471386,
444,Real del Padre,13,-34.8425320666885,-67.7689248662427,
445,Colonia Nueva Coneta,3,-28.5787147136839,-65.83646106419,
446,Lago Rosario,5,-43.2471603987484,-71.3489468113621,
447,Maco,22,-27.8702632502969,-64.216593203346,
448,Achiras,6,-33.1744471620908,-64.9920618144743,
449,Romang,21,-29.4995978982009,-59.7477023849584,
450,Manuel B. Gonnet,2,-35.5179958813353,-61.0012935115833,
451,El Charco,22,-27.234888152151,-64.6978220260635,
452,Carlos Salas,2,-35.3923376387191,-61.9926284372325,
453,Capioví,14,-26.9283151085215,-55.0572981188178,
454,Trongé,2,-36.4631732121695,-62.4847272635948,
455,Cavour,21,-31.3648044588544,-61.0165431998554,
456,Plaza Luxardo,6,-31.3017479888334,-62.229167343835,
457,Selva,22,-29.7682479528835,-62.0475324441514,
458,Balde del Rosario,18,-30.3209383675251,-67.6968352320147,
459,Cañuelas,1,-35.1448044957897,-58.6910941846835,
460,Colonia Vichigasta,12,-29.4495555812964,-67.487670433792,
461,Villa Paranacito,8,-33.7156034771624,-58.6652644995763,
462,Pozo Borrado,21,-28.9380837222991,-61.7048729556921,
463,Herrera Vegas,2,-36.0875575438524,-61.4108983875355,
464,La Cañada,22,-27.7095088988264,-63.7725542121093,
465,María Teresa,21,-34.0127219494537,-61.914752001855,
466,Fuerte Esperanza,4,-25.1605144175101,-61.8413720671087,
467,Ituzaingó,1,-34.6360716118623,-58.6887595155803,
468,Juan F. Salaberry,2,-35.0616154828316,-60.7047540548361,
469,Carlos Casares,2,-35.6224737481197,-61.3654951307361,
470,Estación Lecueder,6,-34.4960896298253,-64.8106844722385,
471,Villa Nacusi,18,-31.595508846803,-68.5356375150039,
472,Santa Cruz,12,-28.4838790079487,-67.6937290475931,
473,La Humada,11,-36.3490388802789,-68.0135207257269,
474,Alberti,2,-35.0315746230118,-60.280286016609,
475,Charadai,4,-27.652364422085,-59.8603507318939,
476,Las Varillas,6,-31.8703847936498,-62.7196647797728,
477,Las Tapias,18,-31.4103870955492,-68.3993098452715,
478,Villa Constitución,21,-33.2272700267226,-60.3297498159995,
479,Los Altos,3,-28.0450070405238,-65.4976362162721,
480,5ta Brigada,19,-33.7220140985886,-65.3807098179268,
481,Covunco Centro,15,-38.7511255699126,-70.026048478261,
482,Arminda,21,-33.2635759248671,-60.9678819494211,
483,San Martín,3,-29.2206231988199,-65.774504452477,
484,Usno,18,-30.5670735131846,-67.542055731577,
485,Aldea Grapschental,8,-31.9605187678945,-60.4989837531202,
486,Colonia Elisa,4,-26.9316357889598,-59.5188114273782,
487,Colonia Aurora,14,-27.4737245940895,-54.5241087843641,
488,Villa Yacanto,6,-32.103594962197,-64.7545223469106,
489,Fortín Lavalle,4,-25.7044902435211,-60.2014855458396,
490,Sastre,21,-31.7675752802005,-61.8288762614104,
491,Villa Atuel Norte,13,-34.7547567855555,-68.0310173821961,
492,Los Molles,19,-32.4385997521181,-65.0097622004684,
493,Irazusta,8,-32.9258653202157,-58.9496485138064,
494,Ambrosetti,21,-30.0152416333581,-61.5760229575257,
495,San Antonio de Litín,6,-32.2135807390015,-62.6313288795048,
496,El Rodeo,3,-28.2126967614006,-65.8764873689251,
497,Crispi,21,-31.7398470340394,-62.0375926629187,
498,Obispo Trejo,6,-30.7812923950995,-63.410365748629,
499,Bombal,21,-33.4579749568213,-61.3182115413674,
500,Villa General San Martín - Campo Afuera,18,-31.4397847616832,-68.5203866787607,
501,Chumbicha,3,-28.8531930322117,-66.2375625171686,
502,San Rafael,13,-34.617774866545,-68.3356449365043,
503,Tilimuqui,12,-29.1433689017166,-67.4253881118531,
504,Pozo del Mistol,3,-28.4721164426195,-65.7227588143713,
505,Tafí Viejo,24,-26.7299828223064,-65.2628439357236,
506,Agustoni,11,-35.7820709830868,-63.3916144304609,
507,Coronel Mollinedo,17,-24.5400088547596,-64.1008393435622,
508,Los Chañaritos,6,-30.557676818886,-64.9537465755734,
509,Casilda,21,-33.0446976480953,-61.1642010904025,
510,Las Playas,6,-30.7067406068792,-64.8472958527643,
511,Batavia,19,-34.7783462525598,-65.6900489599926,
512,Aurelia,21,-31.4196511955745,-61.4224618233111,
513,Las Varas,6,-31.8024376108607,-62.6165974529842,
514,San Pablo,3,-28.7001924665143,-66.0370706752819,
515,Valeria del Mar,2,-37.1456506182212,-56.8819737180736,
516,San José Villa,3,-26.8013292872309,-66.0683327599131,
517,Cianzo,10,-23.1732048656382,-65.1584423709364,
518,Corralito,6,-32.0237232059044,-64.1919905042322,
519,El Alcalde,6,-31.116407937563,-63.6016162850712,
520,Poscaya,17,-22.454405758897,-65.0832217655474,
521,Los Médanos,18,-31.6042330867573,-68.2696340382628,
522,Bustinza,21,-32.7382426386282,-61.2908199558191,
523,Charras,6,-33.025379107614,-64.0468745495955,
524,Piedra del Águila,15,-40.0484794749522,-70.0750160264635,
525,Lucio V. Mansilla,6,-29.8045236047925,-64.7114380532591,
526,Villa del Salvador,18,-31.4652807772362,-68.4111576880256,
527,Catriel,16,-37.8755209776688,-67.7945106064883,
528,Los Molinos,6,-31.8563597027019,-64.379558101433,
529,Palacios,21,-30.7085842464352,-61.6226524252804,
530,Colonia Avellaneda,8,-31.7626492941623,-60.411981206375,
531,Pacará,24,-26.8992424266215,-65.1496256802507,
532,Valle Colorado,10,-23.4137353465543,-64.9334191885008,
533,Río Villegas,16,-41.5778559460433,-71.5025131748524,
534,Aldea San Antonio,8,-32.6251747263965,-58.7044236395354,
535,General Rivas,2,-34.6084349698063,-59.7501662841433,
536,Colonia Tirolesa,6,-31.2372761869427,-64.06629578921,
537,Capitán Castro,2,-35.9124084633725,-62.224227990124,
538,Villa Libertad,14,-27.5654351670216,-55.3201980962383,
539,Villa Nueva,6,-32.4354764129042,-63.2478575788202,
540,La Puntilla,12,-29.1595993877494,-67.4806003282644,
541,El Naranjo,17,-25.7222027140064,-65.0138320951143,
542,Cochinoca,10,-22.7453537739342,-65.8960773363478,
543,Vaca Perdida,9,-23.4995876432198,-61.6484268281528,
544,Quinto Cuartel,18,-31.6133215264759,-68.6012031059672,
545,Colonia Las Pichanas,6,-31.2456220192228,-62.9253190838096,
546,Las Breñas,4,-27.0864384535522,-61.0858228220695,
547,Los Chiriguanos,9,-24.0988143488555,-61.4619742949734,
548,Los Laureles,21,-29.3686478129094,-59.7361917149176,
549,Santa Catalina Holmberg,6,-33.2051899707377,-64.4378286821745,
550,Nuevo Pirquitas,10,-22.6879554218994,-66.4563756677863,
551,Ascensión,2,-34.2309522616024,-61.1032209784133,
552,Barrio Sarmiento,5,-45.8193716330644,-67.5026252890136,
553,Bialet Massé,6,-31.3143488708372,-64.4615321569732,
554,Realicó,11,-35.0382143738346,-64.2463075218814,
555,Hito 1,17,-21.9997109682252,-62.8237382799812,
556,Cazadores Correntinos,7,-29.9823804820362,-58.30424028359,
557,Acébal,21,-33.2417639582494,-60.836480369897,
558,Río Gallegos,20,-51.6234632663739,-69.2158645331237,
559,Dina Huapi,16,-41.0737198121699,-71.157491154477,
560,Campo Santo,17,-24.6829667998746,-65.1049447152193,
561,Suipacha,2,-34.7688145882031,-59.6868293545249,
562,25 de Mayo,14,-27.3781787041061,-54.7448775164087,
563,Las Armas,2,-37.086333288103,-57.8294200706759,
564,Estación Taboada,22,-28.0084517235785,-63.7444099575737,
565,Aguará Grande,21,-30.1161023710274,-60.89426045096,
566,Luján,19,-32.3645714536967,-65.9331579098075,
567,Cazón,2,-35.5770988512804,-59.6619477131897,
568,Santo Tomás,15,-39.8207438462323,-70.1005173149527,
569,Olivares de San Nicolás,6,-30.6012264239052,-64.8556055205058,
570,Estación Torrent,7,-28.8243613260553,-56.469217050869,
571,Anzoátegui,11,-38.963052676569,-63.8608882456791,
572,Villa El Palmar,4,-26.4545040227541,-60.16440487728,
573,Nuestra Señora del Rosario de Caá Catí,7,-27.7521508451429,-57.6219981561066,
574,Las Moscas,8,-32.0921032659486,-58.9575146484023,
575,Tránsito,6,-31.4243426919656,-63.1935604554789,
576,Alto Resbaloso - El Barrial,6,-31.9602929716694,-65.065810087943,
577,La Plata,1,-35.0038470156373,-58.0177777886065,
578,Maquinista Gallini,6,-30.9086017894278,-63.5316076235889,
579,Ancasti,3,-28.8126440511075,-65.5006877212264,
580,Pueblo Illia,14,-27.1525774961752,-54.5607361918512,
581,Villa Valeria,6,-34.3414458163452,-64.9208144024683,
582,Intiyaco,21,-28.6748656834627,-60.070701236947,
583,La Ramada,24,-26.6865581454241,-64.9481443548845,
584,San Lorenzo,6,-31.6709196641921,-65.0177209944746,
585,Villa Ciudad Parque Los Reartes,6,-31.9103714592552,-64.5377457547189,
586,Los Molinos,21,-33.1044795464708,-61.3255640507782,
587,Barrio El Cepillo,13,-33.8352691923547,-69.1236485326506,
588,Roca Chica,14,-27.2142458424807,-55.4200172653031,
589,Huinganco,15,-37.1607374099253,-70.6240915033899,
590,Hipatía,21,-31.1255765836408,-61.033006407965,
591,El Encón,18,-32.2170572092493,-67.795767069124,
592,Villa Atuel,13,-34.8320601467904,-67.9235093489971,
593,El Toro,10,-23.0834196666067,-66.7022169258129,
594,Banda del Río Salí,24,-26.8353549165959,-65.1639725785394,
595,Villa Barboza - Villa Nacusi,18,-31.5964362379647,-68.5426327578732,
596,La Falda,6,-31.0944265203633,-64.4829476480663,
597,Nuevo Torino,21,-31.3450074576332,-61.2351345818364,
598,Angélica,21,-31.5507318167569,-61.5463385545526,
599,Las Talas,18,-31.5970077276796,-68.2739247954768,
600,Florencio Varela,1,-34.8777448240047,-58.2585548857968,
601,Monte Hermoso,2,-38.9866632490426,-61.2909287456711,
602,Coranzuli,10,-23.0137852408843,-66.3666475724254,
603,Ingenio Santa Bárbara,24,-27.4561875743717,-65.6037142729332,
604,Sumampa,22,-29.3825568019414,-63.4748371614104,
605,El Sauzalito,4,-24.4279728154751,-61.6832325195593,
606,Toro Pujio,6,-31.1089049317111,-62.9870276972289,
607,Loncopué,15,-38.0730896222648,-70.6144465904644,
608,Fleming,10,-24.5874693995008,-64.9235280448918,
609,Barrio Santa Lucia,16,-39.0335183413618,-67.2986956548361,
610,Río Cuarto,6,-33.1238369342208,-64.3490032179798,
611,Mansupa,22,-27.4584023184144,-64.9077717529445,
612,Villa del Mar,2,-38.8543891102131,-62.116520630945,
613,Gramilla,22,-27.2985817054901,-64.6132127298339,
614,Santa Ana,24,-27.4736246342883,-65.6853852862859,
615,Saira,6,-32.4097129871359,-62.1023489220675,
616,Naré,21,-30.9487761732862,-60.4670361251567,
617,Alejo Ledesma,6,-33.6053920200864,-62.625880987744,
618,La Florida,13,-33.2676769205793,-68.4546922581694,
619,Aimogasta,12,-28.5598321349466,-66.8061775305027,
620,Armstrong,21,-32.7852890711609,-61.6033099141452,
621,San Pedro,22,-27.955896930423,-65.1684961529465,
622,Bajo Hondo,2,-38.7627964873508,-61.9205128744151,
623,La Gilda,6,-33.2081613189294,-64.2584439924227,
624,Zavalía,2,-34.8950855612262,-61.005615922588,
625,Juan E. Barra,2,-37.8200386069869,-60.48205544899,
626,2da Sección,13,-32.8916260670654,-68.8409855152698,
627,Mauricio Hirsch,2,-35.5815738030148,-61.5268355548562,
628,Barrio Gasoducto,5,-45.7942341647363,-67.5049449984858,
629,Pueblo General San Martín,8,-31.4583608740821,-60.1690524560952,
630,Laplacette,2,-34.7231287380653,-61.1582663957053,
631,María Ignacia,2,-37.4013842440147,-59.5059287942189,
632,Barrio Isla 10,16,-38.9954760120136,-67.9179936315822,
633,Villa Gesell,2,-37.2632305079153,-56.9745586090481,
634,Misión Tacaaglé,9,-24.9809999913067,-58.8199343893714,
635,Isla Verde,6,-33.239697566848,-62.4015958014292,
636,Estación Chapadmalal,2,-38.0366535494497,-57.7135042951064,
637,Villa del Totoral,6,-30.7046218720151,-64.0681414443224,
638,Elortondo,21,-33.7019837173575,-61.6150579597447,
639,Puerto Iguazú,14,-25.5972100979327,-54.5772230013845,
640,Yacimientos Río Turbio,20,-51.5364226395201,-72.3378549052832,
641,El Talar,10,-23.556358522789,-64.3598888239635,
642,La Adela,11,-38.9853302670111,-64.0905343177588,
643,Caleta Olivia,20,-46.4478465229957,-67.5227409022738,
644,Pilquiniyeu del Limay,16,-40.5162311763236,-70.0258499771369,
645,San Antonio,7,-27.5082288352068,-56.7452355069039,
646,Blancuntre,5,-42.6200606678133,-68.9043046186849,
647,Paso de la Patria,7,-27.3173742609378,-58.5725641481134,
648,Andalhualá,3,-26.8773589086983,-66.047409811272,
649,Magdalena,2,-35.0807393559898,-57.5176018944185,
650,Cañada del Sauce,6,-32.3679600870772,-64.6454261117656,
651,Icaño,3,-28.9195404731786,-65.330165196142,
652,Los Compartos,13,-34.97785862384,-67.6511707013737,
653,Sebastián Elcano,6,-30.1604055143282,-63.5924899770234,
654,Trevelín,5,-43.0791613523395,-71.4640329212327,
655,Villa General Mitre,22,-29.1417538071605,-62.6545484671784,
656,Caucete,18,-31.6514806112797,-68.2819785105591,
657,Colalao del Valle,24,-26.3631073150374,-65.9570675397677,
658,Exaltación de la Cruz,1,-34.2951342236195,-59.1559461316119,
659,La Aurora,2,-35.4087074583601,-61.2078054655041,
660,Aconquija,3,-27.468098140927,-66.0103165375161,
661,Cañada Rosquín,21,-32.0543682922573,-61.6018592430379,
662,Candelaria,14,-27.4612179179034,-55.7439632349916,
663,Tartagal,17,-22.5168183262948,-63.8056049178567,
664,Salsacate,6,-31.3178575767975,-65.0895253076512,
665,San Martín de los Andes,15,-40.1569379390652,-71.352714325536,
666,El Tala,17,-26.1122115954183,-65.277838620521,
667,Ibicuy,8,-33.742476857164,-59.157590207736,
668,Arrayanal,10,-24.1785670659415,-64.8402313537955,
669,Cucullú,2,-34.4433580630376,-59.3602204172752,
670,Alpa Corral,6,-32.6921124082415,-64.7235966023545,
671,Nuestra Señora del Rosario,10,-24.3173741271886,-65.4017422764751,
672,Manuel J. Cobo,2,-35.8728655657998,-57.89698433938,
673,Sarmiento,6,-30.7744711965408,-64.1095029058751,
674,Antonio Carboni,2,-35.2010459561701,-59.3453961078207,
675,Los Cajones,19,-32.0240439288572,-65.3725051927927,
676,Chuña Huasi,6,-29.9337075949931,-64.1125603513905,
677,Río Bamba,6,-34.0513720434127,-63.7330655229357,
678,San Francisco del Monte,13,-32.9227362551365,-68.793296207186,
679,Wichi,4,-24.690329441955,-61.4261303376299,
680,Angualasto,18,-30.0572474935076,-69.1741246352112,
681,El Potrero,17,-26.0471728158573,-64.6447831904946,
682,Manantiales,3,-28.1432052440113,-65.4967868581846,
683,Las Chacras,6,-31.9419650315312,-65.0251247511244,
684,Santa Clara de Buena Vista,21,-31.7623724410191,-61.3157990016507,
685,Franklin,2,-34.6091166072699,-59.6299350338081,
686,Pozo de los Indios,21,-28.9451326200967,-60.2520040689412,
687,Los Zapallos,21,-31.4920030542134,-60.4289774874059,
688,Alcorta,21,-33.5381781092336,-61.1239279068517,
689,Buena Nueva,13,-32.897054054351,-68.7604654025916,
690,Trenque Lauquen,2,-35.9733358976997,-62.7327450532285,
691,Itacaruaré,14,-27.8714005672072,-55.262214014731,
692,Mechongué,2,-38.1462221837222,-58.2292434320568,
693,Villa Trinidad,21,-30.2161084399834,-61.8770920891158,
694,De La Garma,2,-37.9665417279858,-60.4167854846589,
695,Alhuampa,22,-27.1275461643185,-62.5475991444354,
696,Pilar,1,-34.448164005306,-58.9033327303779,
697,Alto Pelado,19,-33.8370288220722,-66.1390733396145,
698,Villa de Praga,19,-32.5333366991568,-65.6458598602821,
699,La Cautiva,6,-33.9796449671994,-64.0834562449082,
700,Justiniano Posse,6,-32.8834497266181,-62.6796136827716,
701,Riacho Negro,9,-25.4239708655673,-57.793279659056,
702,Lastenia,24,-26.8597004363626,-65.1588895516206,
703,Providencia,21,-30.9827403142746,-61.021127137163,
704,Palma Sola,10,-23.9777382405358,-64.3045617254473,
705,Rincón,3,-28.2213443852426,-66.1433422047159,
706,San Vicente,14,-26.9932973869327,-54.4866189716912,
707,Norberto de la Riestra,2,-35.2733314174213,-59.7755530665071,
708,Santa María,22,-27.9490887999991,-64.2189999999978,
709,Campos Salles,2,-33.401672448024,-60.2374682244366,
710,Chorotis,4,-27.9146445282621,-61.4013993128414,
711,Ballesteros Sud,6,-32.5894780609773,-63.030218271647,
712,Las Juntas,3,-27.5359586328191,-67.117313312317,
713,San Ramón de la Nueva Orán,17,-23.1360887190851,-64.3229270120273,
714,Villalonga,2,-39.9175740352919,-62.6187706882177,
715,López Lecube,2,-38.1194939806378,-62.7262061182875,
716,Cañada Rica,21,-33.516017756468,-60.6101051449502,
717,El Peñón,3,-26.4754473000087,-67.2652083338104,
718,Villa del Rosario,6,-31.5541005001809,-63.5356973192876,
719,Presidente Perón,1,-34.9298478405731,-58.3980842106611,
720,Los Cardos,21,-32.3222613442548,-61.6315863412851,
721,Ballesteros,6,-32.5416970468857,-62.9808108669527,
722,General Gutiérrez,13,-32.9604074494578,-68.7874652844763,
723,Camet,2,-37.9401411938582,-57.5499424869415,
724,Villa Centenario,18,-31.6950552630901,-68.5732539734051,
725,Huaco,18,-30.1577546005147,-68.4824275958738,
726,Villa del Parque,16,-39.1261382167373,-66.9974583487052,
727,Lugones,22,-28.3363516116472,-63.339329710605,
728,San Juan de Oros,10,-22.2256867005728,-66.2487453854196,
729,Barrio La Pega,13,-32.8080160562424,-68.6695467913422,
730,Villa Cacique,2,-37.6762254442231,-59.396186471269,
731,Fortín Tiburcio,2,-34.3445360596629,-61.1285011823446,
732,Plaza Clucellas,21,-31.4526809463387,-61.7067833421342,
733,Gobernador Igr. Valentín Virasoro,7,-28.0468079831449,-56.0096324855253,
734,Coronel Moldes,17,-25.2800358172228,-65.4784601397725,
735,El Colorado,9,-26.3090610214685,-59.3723080458399,
736,Las Avispas,21,-29.8964173793999,-61.2880673055215,
737,Pardo,2,-36.2450411112589,-59.3650350514132,
738,La Violeta,2,-33.733064625315,-60.1685122078304,
739,La Cesira,6,-33.9536480908797,-62.9773029539306,
740,Colonia Veinticinco,6,-32.8876809419638,-61.9517449836933,
741,Villa Ramallo,2,-33.49803273822,-60.0655531078037,
742,Villa El Tala,6,-32.2527149326427,-64.5841178583312,
743,Frente Mar,2,-37.8588472563325,-57.5134774219646,
744,Villa Futalaufquen,5,-42.8938496103952,-71.6174894440326,
745,Pueblo Esther,21,-33.0722930332082,-60.5749935688429,
746,El Puesto,3,-26.6772482962785,-66.0405880501417,
747,Antajé,22,-27.6229194663803,-64.2546011500411,
748,La Carolina,6,-33.1868443218852,-64.7251128795183,
749,Balneario San Cayetano,2,-38.7481082745121,-59.4304695947374,
750,Bellocq,2,-35.9166167731588,-61.5341134960867,
751,Assunta,6,-33.6341653860737,-63.2256220940937,
752,Rada Tilly,5,-45.9249664502277,-67.5537244366415,
753,Ucacha,6,-33.0314400484848,-63.5061198919908,
754,Rama Caída,13,-34.7013995499398,-68.3686831650759,
755,La Sarita,21,-28.9728290317255,-59.8488371729784,
756,Villa Río Bermejito,4,-25.63755492601,-60.2654367699022,
757,Las Quintas,6,-31.5376830055164,-64.3034450668409,
758,Quequén,2,-38.5661133487233,-58.7061807944671,
759,Hilario Ascasubi,2,-39.3756504477901,-62.6473691572484,
760,La Puntilla,13,-32.9620757495015,-68.8609733262489,
761,General Belgrano,2,-35.7656761988762,-58.4971632732759,
762,Villa Ascasubi,6,-32.1627385873381,-63.8924224330837,
763,Taco Pozo,4,-25.6150351299997,-63.2648575469479,
764,La Dársena,22,-27.698419950162,-64.2883429926439,
765,9 de Julio,2,-35.4439352795847,-60.8846274846021,
766,Alpachiri,24,-27.3357898299167,-65.7573453723611,
767,Agrelo,13,-33.1202890008925,-68.8891201209443,
768,Clorinda,9,-25.2860808806453,-57.7224081997743,
769,San Antonio,14,-26.0573709006984,-53.7341195284472,
770,Rawson,5,-43.3052236685054,-65.1036957322757,
771,Colonia Margarita,21,-31.6859924749547,-61.6477226141247,
772,Los Reyunos,13,-34.5755805851605,-68.706102447629,
773,Carrenleufú,5,-43.5878979285719,-71.702134687121,
774,Álvarez,21,-33.1280901191077,-60.8061899822764,
775,Villa Saboya,2,-34.4599722130718,-62.6492744217077,
776,Ingenio La Florida,24,-26.8160882440868,-65.0816913632633,
777,Puerto Leoni,14,-26.9898467972313,-55.1658809660847,
778,Villa Bastias,13,-33.3508625463177,-69.1369805928994,
779,Pedro Molina,13,-32.8792929428533,-68.8207083232767,
780,Gahan,2,-34.3382330038569,-60.1012149576705,
781,Coctaca,10,-23.1542077277984,-65.2935039587033,
782,San Francisco de Santa Fe,21,-33.5884953061257,-62.1239022373484,
783,Punta del Agua,13,-35.5276360005613,-68.0785597313436,
784,Casa Colorada,10,-22.3259406370226,-66.2839461506375,
785,El Nihuil,13,-35.0272928802229,-68.6728123125633,
786,María Susana,21,-32.2669774076931,-61.9058678442345,
787,Arocena,21,-32.0824865322644,-60.9768144674568,
788,La Criolla,8,-31.2691133910253,-58.1088277324905,
789,San Martín,13,-33.080687120099,-68.470450704339,
790,Alto Carrizal,12,-28.866735553767,-67.5714198029277,
791,Pearson,2,-33.6532883192242,-60.8930583876828,
792,Pueblo Ledesma,10,-23.8346075028739,-64.7896499047357,
793,Cerro Corá,14,-27.5119171907114,-55.6096055001528,
794,Valle Hermoso,14,-26.3844224331976,-54.4634621731852,
795,El Charco,22,-27.2257680209397,-64.7003027141659,
796,Strobel,8,-32.0537739076169,-60.6124866224263,
797,El Portezuelo,3,-28.4701033631654,-65.6356019557086,
798,La Ciénega,10,-21.9623000121514,-66.2627416326443,
799,Pehuajó,2,-35.8108053325158,-61.8989682130088,
800,La Baliza,2,-37.7716100804643,-57.4473118294385,
801,Mariano Boedo,9,-26.1093248137893,-58.4877543754144,
802,Barrio Calle Ciega Nº 6,16,-39.0498564176731,-67.7368040693745,
803,Bocayuva,2,-36.2060995361368,-63.077533215168,
804,La Lucila,21,-30.4196656829432,-61.0033083378092,
805,Simbolar,6,-30.4744127140856,-63.984714007132,
806,Villa del Nahueve,15,-37.1202804965414,-70.7700196350578,
807,Florencia,21,-28.0406318158628,-59.2180147556736,
808,11va Sección,13,-32.8904351397539,-68.9112247685214,
809,Londres,3,-27.7125658590224,-67.1355121485828,
810,Cóndor Huasi,3,-27.4932508055993,-67.1020885628446,
811,Senillosa,15,-39.0100929190721,-68.4259759343097,
812,Lamadrid,9,-23.896946974131,-60.7545468668737,
813,Barrio Jocolí II,13,-32.6566662345999,-68.6589491336395,
814,Anillaco,12,-28.8065316985094,-66.9413820123939,
815,Alvear,21,-33.0578411745076,-60.6198434734122,
816,Mercedes,7,-29.184692808419,-58.0735317667774,
817,Villa Urquiza,8,-31.6495212087066,-60.3768959087163,
818,San Francisco de Laishi,9,-26.2438670352619,-58.6296130522458,
819,Clodomiro Ledesma,8,-31.5766676930595,-58.1803339151731,
820,Baradero,2,-33.8070727746487,-59.5022278347215,
821,Monte Leña,6,-32.6112829420119,-62.5897452578854,
822,Los Ángeles Norte,3,-28.4591443322475,-65.9488234034564,
823,Prahuaniyeu,16,-41.3380827367485,-67.9050859572782,
824,Los Naranjos,2,-34.9950990540733,-57.7028446401551,
825,Cuesta Blanca,6,-31.4803348492041,-64.5786921787276,
826,Sierra Pailemán,16,-41.1905679142385,-65.9761003352289,
827,Pedro R. Fernández,7,-28.7463402488208,-58.6541382203541,
828,Los Robles,12,-28.4256646545494,-67.1105646770999,
829,Zárate,1,-33.9970875495819,-59.1282178761959,
830,Mauricio Mayer,11,-36.2115350135006,-64.0331358077792,
831,San Lorenzo,7,-28.1380987971767,-58.7681324143266,
832,Presidencia de la Plaza,4,-26.998643134952,-59.8463772779192,
833,San Juan,18,-31.5372590360945,-68.5250172058885,
834,Las Albahacas,6,-32.8884091801626,-64.8448424724358,
835,San Benito,8,-31.7830223392508,-60.4414593119117,
836,Las Malvinas,13,-34.8350977625906,-68.24863223266,
837,Venado Tuerto,21,-33.7454991566739,-61.9687335249201,
838,San Francisco del Monte,13,-32.9317347848468,-68.8326622049277,
839,Ramblones,3,-29.1539574120084,-65.3983639409412,
840,Barrio Escuela 461,14,-27.6244592236857,-55.0394679958911,
841,Ituzaingó,7,-27.5851000792357,-56.68704523972,
842,Godoy,21,-33.3671910023616,-60.5093016994803,
843,Barrio El Labrador,16,-38.666885675111,-68.2429385491456,
844,Arroyo Los Berros,16,-41.4347362882526,-66.1012324164542,
845,Colonia Bremen,6,-33.4642548979283,-62.7311771623398,
846,Santa Mónica,6,-32.0688257152431,-64.5743119195038,
847,Daireaux,2,-36.5996329364507,-61.7475424056289,
848,Aparicio,2,-38.6210723556348,-60.8828151033228,
849,Icaño,22,-28.6814772838937,-62.8811801112625,
850,La Redonda,10,-22.5288919293473,-65.5222730667181,
851,16 de Julio,2,-37.2005149676994,-60.1646533455059,
852,Concepción del Uruguay,8,-32.4846612655344,-58.2321207793941,
853,Santa Catalina,6,-30.8700983278842,-64.2332883401605,
854,Quehué,11,-37.1218223497211,-64.5151767302443,
855,San Pedro,3,-27.956622281426,-65.1711750391747,
856,Media Naranja,6,-30.6440766851484,-64.9282561270634,
857,Fray Luis Beltrán,13,-33.0039959793783,-68.6644514558642,
858,Tuclame,6,-30.7465914481217,-65.23562125983,
859,Camarones,5,-44.7984548743215,-65.7103327509875,
860,Los Helechos,14,-27.5576633248325,-55.0762633853702,
861,Palo Negro,22,-29.6750721838322,-62.1356230496784,
862,Villa Guillermina,21,-28.2445243528436,-59.4514812904741,
863,Santa Teresita,2,-36.5405925007164,-56.6929407422398,
864,San Pablo de Reyes,10,-24.1468540136486,-65.3939437454147,
865,Villaguay,8,-31.8676375710354,-59.0268852125777,
866,Pampa Blanca,10,-24.5351759256118,-65.0725522666854,
867,Comallo,16,-41.0300475922462,-70.2693232296497,
868,Ranchos,2,-35.5164055720187,-58.3188155184514,
869,Sierra Colorada,16,-40.5873766177123,-67.7556041505321,
870,Vivoratá,2,-37.6631550913681,-57.6681208064657,
871,Anisacate,6,-31.7255025269638,-64.4140689988532,
872,Andalgalá,3,-27.583018934635,-66.3154326848738,
873,Pozo Salado,16,-41.0127515398258,-64.162498025301,
874,General Lavalle,2,-36.4080860934361,-56.9433578443012,
875,Río Tala,2,-33.7692927806971,-59.6394845323378,
876,Tatacua,7,-28.3759194197758,-58.3211361606206,
877,Colonia Hinojo,2,-36.8799103261886,-60.1774961047109,
878,Bahía San Blas,2,-40.5546481170889,-62.2367631095421,
879,Selvas del Río de Oro,4,-26.8023527458967,-58.9570266168189,
880,Bajada del Agrio,15,-38.4074381401439,-70.0331055913877,
881,Río Grande,23,-53.7863260891398,-67.6963281355519,
882,Gobernador Costa,5,-44.0487066290367,-70.5990240935454,
883,Simbol,22,-28.1010690397827,-64.2135705216372,
884,Olta,12,-30.6306764073915,-66.2672510854986,
885,Lartigau,2,-38.4472093172749,-61.5668870057787,
886,Las Martinetas,2,-37.1991985887987,-61.1225497444096,
887,Cona Niyeu,16,-41.8655897632696,-66.9386596766742,
888,Cañadón Seco,20,-46.5615341694967,-67.6106327547081,
889,Rodeito,10,-24.2715498602449,-64.769409778743,
890,Gobernador Mansilla,8,-32.5454358721796,-59.3566188061038,
891,Sierras Bayas,2,-36.9327185415247,-60.1613850642696,
892,Cholila,5,-42.5113511427512,-71.4311343839162,
893,Sauce de Luna,8,-31.2395232659228,-59.2173710836707,
894,Seeber,6,-30.9257254718205,-61.9741593359892,
895,Udaquiola,2,-36.5623679036851,-58.5346963188253,
896,Bahía Bustamante,5,-45.1283019301185,-66.5366462623791,
897,Andant,2,-36.5600651584196,-62.1390192027148,
898,Sierras de Encalada,13,-32.9939522051273,-68.9327343722195,
899,Diego de Rojas,6,-31.0285400659698,-63.3383832232436,
900,Iruya,17,-22.7921073376729,-65.216284390102,
901,Bernardo Larroude,11,-35.0259493098283,-63.582754454385,
902,Saladillo,6,-32.9338712550359,-62.3437118793861,
903,El Palenque,8,-31.6537567407046,-60.1666164581891,
904,San Antonio,3,-28.9324823811566,-65.0969169795382,
905,San Vicente,21,-31.6991603621321,-61.5673740131608,
906,Villa Silípica,22,-28.1084637432615,-64.149598741784,
907,Mayor Drummond,13,-33.0194203114596,-68.8757421386204,
908,Nueva Esperanza,22,-26.2001853582876,-64.2400175508114,
909,Capayán,3,-28.7745953259886,-66.0464851077306,
910,Lanús,1,-34.7056418367328,-58.3947105032598,
911,San Bernardo,21,-28.6674118377273,-61.5280166384228,
912,Los Lapachos,10,-24.4769979787676,-65.0767204118012,
913,Paula,2,-36.5035708180565,-61.0248313843972,
914,Frontera,21,-31.4264633022883,-62.059209344983,
915,Juan Llerena,19,-33.280768727113,-65.6139609566477,
916,Rivera,2,-37.1605967438711,-63.2417897238929,
917,Pampa Blanca,3,-27.6525269917378,-67.6147649623261,
918,El Huecú,15,-37.6449076961031,-70.5810247987594,
919,San Antonio,10,-24.2186828438865,-64.8067874841322,
920,Toba,21,-29.2681635262819,-60.1715414465427,
921,Cayastá,21,-31.2007506608006,-60.1593537908308,
922,Chilibroste,6,-32.332692033009,-62.5107956684272,
923,La Clotilde,4,-27.1773371114827,-60.6326696472275,
924,Santuario de Tres Pozos,10,-23.5326668137361,-65.9626012985015,
925,Las Cañadas,6,-30.9149930562395,-64.7347253605041,
926,Rosario del Saladillo,6,-30.4314282701955,-63.4739413675133,
927,Mártires,14,-27.4231319468937,-55.3772951438647,
928,Las Tejas,3,-28.6586825818773,-65.7838015450735,
929,Los Talares,6,-31.4071472476818,-65.0470184171855,
930,Juan F. Ibarra,2,-36.3471482703942,-61.2540350435255,
931,Villa General Savio,2,-33.4359779795503,-60.1464497657147,
932,Estación Robles,22,-28.0490800415143,-63.9912324968561,
933,San Esteban,6,-30.9211407617316,-64.5363714632324,
934,Sol de Julio,22,-29.5653281967786,-63.4570787837756,
935,Garayalde,5,-44.6868450088092,-66.6209399544842,
936,San José de Metán (Est. Metán),17,-25.497105506489,-64.9710598936614,
937,Rivadavia,17,-24.1849708502559,-62.8883049139516,
938,Villa Sarmiento,6,-31.9362411067801,-65.1930983136866,
939,La Playa,6,-31.0096689758107,-65.3612671996185,
940,General San Martín,1,-34.5527540154453,-58.5643041474744,
941,General Fotheringham,6,-32.3224142092327,-63.8684716593729,
942,Toledo,6,-31.5537838091558,-64.007370952362,
943,General Belgrano,13,-32.8846817221554,-68.7930308168728,
944,Yapeyú,7,-29.4708978724135,-56.8150660492958,
945,Tupelí,18,-31.8361143552242,-68.3585157462202,
946,Guanaco Muerto,6,-30.4786437166254,-65.0615999465835,
947,Villa Mariano Moreno - El Colmenar,24,-26.7758280168067,-65.2090924405236,
948,El Diquecito,6,-31.351083671148,-64.3653214047373,
949,Vértiz,11,-35.4274437817854,-63.9099859200885,
950,Coyaguaima,10,-22.7694173407619,-66.4409076444878,
951,Las Garzas,21,-28.8471373739071,-59.4996545959492,
952,Farallón Negro,3,-27.3041623736755,-66.6822430627839,
953,Arroyo Leyes,21,-31.5604450839944,-60.5191788520517,
954,Santa Regina,2,-34.5495606455266,-63.1733404556288,
955,General Pinedo,4,-27.3253861556851,-61.2809982820843,
956,Villa Iris,2,-38.1717529535533,-63.2353429054024,
957,Coronel Vidal,2,-37.446516203999,-57.7293917658395,
958,Villa Bolaños (Médano de Oro),18,-31.6289356743606,-68.4803773058198,
959,Villa Espil,2,-34.5053553124901,-59.3383393878777,
960,Olegario V. Andrade,14,-27.5675867451281,-55.5022799674985,
961,Castelli,2,-36.0909178514273,-57.8074789990778,
962,Suncho Corral,22,-27.9328457136607,-63.4301522032626,
963,Murphy,21,-33.6422977767819,-61.8583359216397,
964,Colonia Caroya,6,-31.0220555873766,-64.0617128675296,
965,Machigasta,12,-28.5435379588255,-66.7911093070646,
966,Esteban Echeverría,1,-34.8312135656244,-58.4769479291391,
967,Luzuriaga,13,-32.9445820388825,-68.807002419649,
968,Esquina,6,-31.077912151744,-63.7936405494997,
969,Pueblo Nuevo,14,-26.2434147442071,-54.5912229687966,
970,Potrerillos,13,-32.9623209970114,-69.2010471464719,
971,San José del Rincón,21,-31.6065059123067,-60.5674419427924,
972,Delfín Huergo,2,-37.3211075196649,-63.2343847273828,
973,Estación Yuquerí,8,-31.398216856989,-58.1624358668396,
974,Goya,7,-29.1400763814368,-59.2598912571001,
975,28 de Julio,5,-43.3892221634843,-65.8404264784686,
976,Tesorero,10,-23.9480051826533,-65.2995631246957,
977,El Plumerillo,13,-32.8486094901654,-68.8054574601639,
978,El Carril,17,-25.0766719059947,-65.4892366816723,
979,Graneros,24,-27.6494921665183,-65.4394284896125,
980,Las Grutas,16,-40.8090870932712,-65.0880740060036,
981,Naicó,11,-36.925725758829,-64.4050728875869,
982,Jesús María,6,-30.9761309355354,-64.0957931680719,
983,Villa Cerro Azul,6,-31.0706651818848,-64.3162353926988,
984,Fraga,19,-33.502087069887,-65.7926477789763,
985,Dos de Mayo Nucleo III (Bº Bernardino Rivadavia),14,-27.013338352247,-54.6081561343144,
986,Villa Castelli,12,-29.0201422388977,-68.2294831234224,
987,General Villegas,2,-35.0326342651802,-63.0150256475539,
988,San Jorge,21,-31.896153096459,-61.859653303999,
989,Arroyo Los Patos,6,-31.7625990511637,-65.0043489052346,
990,Seclantás,17,-25.3317582680715,-66.2442024607425,
991,La Carrera,3,-28.3568429260322,-65.7073114373778,
992,Yerba Buena - Marcos Paz,24,-26.810819983931,-65.2834322486714,
993,Angel Gallardo,21,-31.5558263149001,-60.678416469082,
994,Aguilares,24,-27.4350836108284,-65.6149801745018,
995,San Felipe,17,-25.7175218465835,-64.8368275276886,
996,Golondrina,21,-28.5563754722768,-60.024787423055,
997,Quilmes,1,-34.7349707991152,-58.2768580209942,
998,Tilisarao,19,-32.731249917627,-65.2913406894861,
999,El Aybal,3,-29.1093301379728,-65.3612210197212,
1000,San Luis,19,-33.3020864829706,-66.336854573535,
1001,Santa María,14,-27.9345141293085,-55.407334404252,
1002,Los Cerrillos,6,-31.9726991999298,-65.4446382249255,
1003,Barrio Manantial Rosales,5,-45.8184020010556,-67.5256775019651,
1004,Sevigne,2,-36.20692525136,-57.7426997674509,
1005,General Juan Madariaga,2,-37.0019581688764,-57.1358378165266,
1006,Sancti Spiritu,21,-34.0077256422035,-62.2415412953365,
1007,General José de San Martín,4,-26.5363023600367,-59.341321005154,
1008,Villa del Curi Leuvú,15,-37.1311433834686,-70.3977338224825,
1009,Henderson,2,-36.2981771240063,-61.7185623851795,
1010,La Mesada,3,-27.4441549431067,-66.0022126478121,
1011,28 de Noviembre,20,-51.579613896166,-72.2116403934705,
1012,San Antonio,21,-31.212319675124,-61.7247451186676,
1013,San Javier,16,-40.7497987732917,-63.2671141099008,
1014,Empedrado,7,-27.9507030287188,-58.8030952116087,
1015,Monte Potrero,3,-28.1790226989676,-65.6627541955027,
1016,Pampa del Infierno,4,-26.5035583962904,-61.1765724474723,
1017,Rinconada,10,-22.4407001997033,-66.1671505103563,
1018,Pellegrini,2,-36.2679141882286,-63.164721899616,
1019,Mariano H. Alfonzo,2,-33.9135085343931,-60.8371254638542,
1020,San Fernando del Valle de Catamarca,3,-28.4690132409229,-65.7789173519908,
1021,Monje,21,-32.360370426828,-60.9428302735559,
1022,Las Ovejas,15,-36.9889729158681,-70.7495207912724,
1023,Chacras de Coria,13,-32.9694816435606,-68.8715140834301,
1024,El Caramelo,21,-33.128516221415,-60.7134010873951,
1025,Panquehuá,13,-32.83951388266,-68.8315407292845,
1026,Pavón Arriba,21,-33.3115885168245,-60.8242985579761,
1027,Weisburd,22,-27.3189012100363,-62.5850420164749,
1028,Papagayos,19,-32.6751032105002,-64.9889496777423,
1029,Mattaldi,6,-34.4812565933205,-64.1706963757217,
1030,Ibarreta,9,-25.2144997571403,-59.8588924367402,
1031,General Alvear,14,-27.4263468328633,-55.1696034483008,
1032,Tala Huasi,6,-31.47331489974,-64.5669430617586,
1033,Pozo del Tigre,9,-24.8955535452057,-60.3191845154689,
1034,Cuchillo Co,11,-38.3336784745407,-64.6422526958764,
1035,Los Nogales,21,-33.1401348565952,-61.6046539899734,
1036,General Conesa,16,-40.1061860032175,-64.4530141062483,
1037,Tramo 16,22,-27.6966743708812,-64.167153232815,
1038,El Potrillo,9,-23.1624402104856,-62.0089628640968,
1039,Salto de las Rosas,13,-34.7254615800356,-68.2312539818003,
1040,Quenumá,2,-36.5693430120432,-63.0881107599791,
1041,Ibarlucea,21,-32.8518641103817,-60.7854799082173,
1042,Río de los Sauces,6,-32.528642164266,-64.5886875602836,
1043,Rancul,11,-35.0677697430794,-64.6842161304454,
1044,El Ceibal,10,-24.298920017466,-65.272248325969,
1045,Patay,22,-26.8400036660809,-62.9305196363882,
1046,La Paisanita,6,-31.720939823599,-64.4819274895,
1047,Tala Cañada,6,-31.3544884840507,-64.9759061303191,
1048,San José Banda,3,-26.7974352576604,-66.0851845538927,
1049,El Peral,13,-33.3671344564996,-69.184087743799,
1050,María Juana,21,-31.6756082195174,-61.7516795024192,
1051,La Dormida,13,-33.3467169029102,-67.9171317609661,
1052,Mina Providencia,10,-23.2629239197221,-66.7985177888674,
1053,Zanjitas,19,-33.8049807292467,-66.4150490433948,
1054,La Maroma,19,-35.2139223516326,-66.3294861143342,
1055,Fray Luis Beltrán,21,-32.7815481103946,-60.7310114690631,
1056,Vásquez,2,-38.1758010070279,-60.1697910561822,
1057,Las Lomitas,9,-24.7081356055775,-60.5913768828427,
1058,Mar Chiquita,2,-37.7455394778204,-57.4254102752995,
1059,Colonia Rosa,21,-30.3003827175452,-61.9838181025651,
1060,Colonia Aborigen,4,-26.9558881616296,-60.2028728637073,
1061,Barrios,10,-22.2470721722284,-65.5292683777942,
1062,Río Pico,5,-44.1793548777281,-71.3683181076623,
1063,Barrio La Palmera,13,-32.7019676976416,-68.540094592933,
1064,Puelén,11,-37.3441736915125,-67.6195574260177,
1065,Eusebia y Carolina,21,-30.9477277818981,-61.8560758566218,
1066,Olacapato,10,-24.1141486610386,-66.7193694638104,
1067,Osvaldo Magnasco,8,-31.3131029387782,-58.0593224688058,
1068,Paraná,8,-31.7401601621031,-60.5274260494443,
1069,Aldea San Rafael,8,-31.957411232207,-60.2546306448179,
1070,Los Molinos,12,-28.7462260751301,-66.9326433048519,
1071,San Lorenzo,21,-32.7472614035676,-60.7356874598046,
1072,Nogolí,19,-32.9186674101875,-66.3247145808181,
1073,Guadalupe Norte,21,-28.9450535978396,-59.5636259310249,
1074,Villa Lago Meliquina,15,-40.3832509265768,-71.2533978159202,
1075,Zavalla,21,-33.019631886479,-60.8784970110083,
1076,Pueblo Santa Lucía,21,-29.2819170762863,-60.402675586656,
1077,Dumesnil,6,-31.3365282658298,-64.3371664162772,
1078,Piamonte,21,-32.1439257600789,-61.9804415931331,
1079,Matorrales,6,-31.7147105639053,-63.5107183510823,
1080,Estación Lazo,8,-32.8708132401108,-59.4223303691248,
1081,Vicuña Mackenna,6,-33.9156416650297,-64.3898545567239,
1082,Barrio Araujo,24,-26.842003384481,-65.2722450135604,
1083,Las Bandurrias,21,-32.1974753473285,-61.4922790177356,
1084,El Durazno,3,-27.2472332720167,-67.0322188935562,
1085,Herrera,8,-32.4337844748277,-58.6346532355727,
1086,Villa Adela,8,-31.3982917145809,-58.0697697974359,
1087,Santa Clara,10,-24.3093701352927,-64.661845869132,
1088,Espigas,2,-36.4129582824455,-60.6731489571588,
1089,La Isleta,21,-28.4921695581722,-59.294192674801,
1090,Laprida,22,-28.3756319929947,-64.5305517169134,
1091,Perugorría,7,-29.3408478764481,-58.6082036530838,
1092,Colonia San Bartolomé,6,-31.5279083667905,-62.7237040838575,
1093,Guaymallén,13,-32.9000520819732,-68.7876776306296,
1094,Los Cóndores,6,-32.3211259681076,-64.2807422857482,
1095,Mayor Buratovich,2,-39.2608696441589,-62.6152474688671,
1096,Berrotarán,6,-32.4528417351187,-64.3879391106245,
1097,Puesto de Castro,6,-30.270528696975,-63.4263595745392,
1098,Itatí,7,-27.2692166599188,-58.2424212691191,
1099,La Paz,6,-32.2175253164184,-65.0482645389526,
1100,Carpintería,18,-31.8192198785918,-68.5413447853139,
1101,Campo Quijano,17,-24.9081333868159,-65.6429830198209,
1102,Villa del Prado,6,-31.6184320255651,-64.3912763902413,
1103,Rincón Norte,21,-31.5718361103601,-60.5310909581548,
1104,Las Esquinas,3,-28.7370287924951,-65.1089288090212,
1105,Reserva Area Protegida El Doradillo,5,-42.6445045471263,-65.0400377129512,
1106,Quetrequén,11,-35.0570468624299,-64.5231627938074,
1107,Cobos,17,-24.7360098822115,-65.0847261347695,
1108,Dique Florentino Ameghino,5,-43.6990684077202,-66.4713255559932,
1109,La Vanguardia,21,-33.3579976554596,-60.6573745480685,
1110,San Víctor,8,-30.4851899621348,-59.0283413798032,
1111,Villa Malvinas Argentinas,18,-30.2220742538966,-68.73390920848,
1112,Fortín Las Chuñas,4,-26.8843533265014,-60.9095629682866,
1113,El Trébol,21,-32.1980414318442,-61.7019155962458,
1114,Los Miranda,22,-27.4683654826246,-64.6151910126121,
1115,San Antonio,3,-28.0084614266576,-65.7104578503512,
1116,Los Amores,21,-28.1018205910224,-59.9779636045653,
1117,Barrio Emergente,16,-39.0012855325161,-67.8488191682658,
1118,Silvio Pellico,6,-32.2496252958172,-62.9308811599002,
1119,Caviahue,15,-37.8710797021714,-71.0550582533005,
1120,Las Toscas,21,-28.3548928359752,-59.2593016748146,
1121,Ranchillos,24,-26.9572149248592,-65.044492671698,
1122,Portón Negro,9,-24.9660914654583,-58.74254618393,
1123,La Reforma,11,-37.5511845454801,-66.2271088648992,
1124,San José,2,-37.5083317146316,-61.9175485050706,
1125,Damián Maisonave,11,-35.0414276195447,-64.3859123352225,
1126,Palo Labrado,3,-28.3210385814734,-65.6193479149477,
1127,Aguada Guzmán,16,-39.9818557602581,-68.8738678875398,
1128,Doctor Oscar Atilio Viglione (Frontera de Río Pico),5,-44.1913673349593,-71.6642206830995,
1129,Claromecó,2,-38.8539586602418,-60.0728340167456,
1130,San Patricio del Chañar,15,-38.6258755330047,-68.2998950009414,
1131,Ciudad Luján de Cuyo,13,-33.0345495234972,-68.8845806111688,
1132,San José,3,-26.8012447800609,-66.0697333108118,
1133,Cuadro Ortega,13,-33.2716629138512,-68.4289843897535,
1134,Mainqué,16,-39.0642453397001,-67.3056448500527,
1135,La Escondida,4,-27.1053486152867,-59.4463769418997,
1136,Fortín El Patria,19,-34.7724690564242,-65.5227577779025,
1137,Pomancillo Oeste,3,-28.3044550285186,-65.7317993779557,
1138,Brinkmann,6,-30.8664795793171,-62.0431067348053,
1139,Santa Rosa de Calchines,21,-31.4203863328414,-60.3326831079652,
1140,Camilo Aldao,6,-33.1275862241272,-62.094840853455,
1141,El Fortín,6,-31.966920207134,-62.3001762961842,
1142,Colonia Gutiérrez,18,-31.5272868342593,-68.4722227287585,
1143,Rosales,6,-34.171775958063,-63.1540264482231,
1144,Campo Durán,17,-22.2007319883787,-63.6757413854735,
1145,Saladas,7,-28.2550670289585,-58.6237267469976,
1146,San Cayetano,2,-38.345789246959,-59.6067598785519,
1147,Monigotes,21,-30.4883676247272,-61.6342311211856,
1148,La Viña,17,-25.4681172244716,-65.5655609668891,
1149,Colonia Fiscal,18,-31.9022065585762,-68.4707132112403,
1150,Posta Cambio Zalazar,9,-24.2107889359044,-60.1972624278371,
1151,Gobernador Duval,11,-38.74294207858,-66.4354280736932,
1152,Barrio Rural,14,-27.8811249994632,-55.7872757699423,
1153,Rincón de Azara,14,-28.1136188920138,-55.6295324099074,
1154,Anquincila,3,-28.7466882688681,-65.5463244146797,
1155,Amaná,12,-30.0546374920666,-67.5044362947149,
1156,Yala,10,-24.1223616451894,-65.4015758458617,
1157,Carlos María Naón,2,-35.2371509729554,-60.8232787547967,
1158,Pampichuela,10,-23.5545915952429,-65.0081791023336,
1159,Mechita,2,-35.0673861094949,-60.4034270101324,
1160,Villa Campanario,16,-41.060686298268,-71.4938899793639,
1161,Tomás M. Anchorena,11,-36.8403408637171,-63.5248220159942,
1162,Copacabana,3,-28.1754144915285,-67.488040108495,
1163,Colonia Mayo - Barrio La Milagrosa,24,-26.8337535527742,-64.988184668443,
1164,El Desmonte,3,-26.88323272949,-66.1016634591571,
1165,San Antonio,12,-28.5578576011964,-66.7923388597247,
1166,Carlos Tejedor,2,-35.3914863100084,-62.4199534605415,
1167,Coronel Bogado,21,-33.3158545338128,-60.6026772155148,
1168,Bonpland,7,-29.8174715349719,-57.4278325390256,
1169,Estación Arroyo Clé,8,-32.6350310386839,-59.4015034243036,
1170,Capitán Cáceres,24,-27.1900699263193,-65.6047323872902,
1171,Brea Pozo,22,-28.2438527439867,-63.9533373386705,
1172,Chapanay,13,-32.9847146742597,-68.46439165692,
1173,Santa Clara de Saguier,21,-31.3357488091457,-61.8178384862409,
1174,Córdoba,6,-31.4150461523809,-64.1791140755104,
1175,Juan G. Bazán,9,-24.5429992299499,-60.8329086440619,
1176,Vaqueros,17,-24.6964753845552,-65.4106198661674,
1177,La Puntilla,3,-26.8248891133172,-66.0850814214729,
1178,Palma Sola,9,-25.2479727159914,-57.9762694815241,
1179,Alberdi Viejo,2,-34.439712753893,-61.8465741560368,
1180,Villa del Plata,21,-33.1262945685022,-60.7069216732872,
1181,Caburei,14,-25.6821342595151,-54.1413600614806,
1182,Alto de Sierra,18,-31.5389329666832,-68.4139211008057,
1183,Ubajay,8,-31.7951778227254,-58.3150653208058,
1184,El Divisadero,3,-29.2015274227698,-65.4524837802877,
1185,San Mariano,21,-31.6684130728593,-61.3474426434473,
1186,Puerto Deseado,14,-25.7858361976721,-54.0389539830062,
1187,Malabrigo,21,-29.3487955627013,-59.9699052577942,
1188,Río Colorado,24,-27.1486057205097,-65.3569503045699,
1189,Puerto San Julián,20,-49.314086297116,-67.719744220642,
1190,Las Higueras,6,-33.0898038759835,-64.2853623066603,
1191,San Gustavo,8,-30.6902877479076,-59.3949842943142,
1192,Los Soria,22,-27.6223678234584,-64.3705874466933,
1193,Chilecito,13,-33.8914727579035,-69.0711929644874,
1194,Antillá,17,-26.1195766068482,-64.5933991690153,
1195,Villa Los Llanos - Juárez Celman,6,-31.2757298270107,-64.1646157997346,
1196,Parque Calmayo,6,-32.0254698796365,-64.4646790665809,
1197,Santa María de Punilla,6,-31.275638255093,-64.4636272645669,
1198,El Brillante,8,-32.1795681044772,-58.213321598791,
1199,San Miguel,7,-27.998325926444,-57.5873113031892,
1200,Barrio Militar y Aeropuerto,5,-45.791898173623,-67.470799839968,
1201,Kilómetro 115,21,-28.8247601435944,-60.2234051707498,
1202,Apóstoles,14,-27.9141359337054,-55.7548578406666,
1203,La Quinta,6,-31.0619019122381,-63.1513266097879,
1204,Yaminué,16,-40.9774919517648,-67.1923486036181,
1205,El Sauce,13,-32.8728636856882,-68.7537561885036,
1206,Acevedo,2,-33.7550385031659,-60.4399592941223,
1207,Lomas de Vallejos,7,-27.7378846270323,-57.9198968960182,
1208,El Rincón,18,-31.4482124626697,-68.5412030086576,
1209,Hucal,11,-37.791142027803,-64.0252536594731,
1210,El Borbollón,13,-32.8065587821456,-68.7662806352765,
1211,Pagancillo,12,-29.5415685884711,-68.0999373344882,
1212,Cushamen Centro,5,-42.1730176117551,-70.6613977877613,
1213,Hurlingham,1,-34.5992830551805,-58.6495253867325,
1214,Agua de Castilla,10,-23.2175123011698,-65.8068654624062,
1215,Puerta de Corral Quemado,3,-27.2276088273086,-66.9328205081217,
1216,Onagoity,6,-34.7726306535037,-63.6721545267546,
1217,Pastos Chicos,10,-23.7659911832814,-66.4373791211366,
1218,Mira Pampa,2,-35.8701943036054,-63.3736716297124,
1219,Ausonia,6,-32.6617950020705,-63.2431129540741,
1220,Garza,22,-28.1529411135625,-63.5388733473862,
1221,Barrio Costa Este,16,-39.0291854030259,-67.8108422422004,
1222,Arboledas,2,-36.8831523284642,-61.4877198813931,
1223,Embalse,6,-32.206746994887,-64.4006426100595,
1224,María Magdalena,14,-26.2372829535012,-54.6028964192686,
1225,Villa Moll,2,-35.0779501871778,-59.6518705433013,
1226,Eduardo Castex,11,-35.9160630841589,-64.2955757480516,
1227,El Salado,3,-28.3045192414539,-67.2473765659508,
1228,Juventud Unida,16,-39.0177205754275,-64.0658018261817,
1229,Colonia Liebig's,7,-27.9133581893577,-55.8242391819435,
1230,Santa María de Oro,13,-33.2058931193938,-68.428880477268,
1231,Talapampa,17,-25.5455605722538,-65.5561331281547,
1232,Guandacol,12,-29.5252228612318,-68.5593095064451,
1233,Ex Ingenio Los Ralos,24,-26.8886803487373,-64.9955280855558,
1234,El Brete,6,-30.6726348056743,-64.8718984580637,
1235,Epuyén,5,-42.2292260345562,-71.3710597787051,
1236,Barrio Mutual San Martín,24,-26.7180147893199,-65.2253782558904,
1237,Villa Carmela,24,-26.7679727530668,-65.2724090630554,
1238,Sauce Viejo,21,-31.7660371876277,-60.8305595552308,
1239,Leguizamón,6,-34.2041801239358,-62.9758471821582,
1240,Pozo del Mortero,9,-24.4071675710108,-61.0262078233619,
1241,Castilla,2,-34.6133150947209,-59.9061282408254,
1242,Aguas Blancas,17,-22.7371177944486,-64.3532509266978,
1243,Marisol,2,-38.9205119659931,-60.5349933151085,
1244,Chovet,21,-33.5989940510529,-61.6039571058646,
1245,Villa La Viña,6,-31.8720410450866,-65.0354683666353,
1246,Polvaredas,13,-32.794879312889,-69.6535464148485,
1247,Carhué,2,-37.1794832647306,-62.7599903896298,
1248,Pueblo Pablo Torelo,22,-27.3278150053657,-62.2251929182752,
1249,Alto Verde,13,-33.1195708553263,-68.406751269802,
1250,San Carlos Norte,21,-31.6735445793516,-61.0747670253268,
1251,Villa Unión,12,-29.3165749850402,-68.2273993332811,
1252,Loreto,7,-27.7684268022989,-57.2752518110706,
1253,5ta Sección,13,-32.8879718887663,-68.8538156485345,
1254,La Higuera,3,-27.9396601365619,-65.6976635982792,
1255,Ciudad de los Niños,6,-31.2957499892587,-64.1773285131189,
1256,San Carlos Sud,21,-31.7608202850359,-61.1005778448837,
1257,XX de Setiembre,8,-32.3859188275714,-59.662220630427,
1258,Barrio Luisillo,16,-39.0561994631057,-67.3450893502782,
1259,San Pedro,14,-26.6255314047977,-54.1163019079878,
1260,Barrio Villa S.U.P.E.,5,-45.8364861102947,-67.5024540258022,
1261,Tres Isletas,4,-26.3403245622113,-60.4312615293597,
1262,Andacollo,15,-37.1797450451293,-70.6699597964992,
1263,Bell Ville,6,-32.6303142822017,-62.6887933841481,
1264,La Gallareta,21,-29.5862759292266,-60.3782241422222,
1265,Tigre,1,-34.382019908002,-58.588173872575,
1266,Río Muerto,4,-26.3071261086056,-61.6557594353689,
1267,Germania,2,-34.5770429359056,-62.0478372059771,
1268,Alejandra,21,-29.9092096293439,-59.826868622909,
1269,El Pajonal,3,-28.3721410500963,-66.2950864577145,
1270,Barrio Escuela 633,14,-27.4703554822804,-55.080588446021,
1271,Villa Vil,3,-27.0935167123347,-66.822059795824,
1272,Villa Atamisqui,22,-28.4964440454268,-63.8173285607086,
1273,La Quiaca,10,-22.1044517820432,-65.5963734749511,
1274,Pinamar,2,-37.1138217498107,-56.8580776153146,
1275,La Viña,3,-28.0392837807742,-65.5968360756269,
1276,Villa Benjamín Aráoz,24,-26.5560599880469,-64.797717571888,
1277,Ricardone,21,-32.7706325511652,-60.7840718821777,
1278,Del Campillo,6,-34.3788549787042,-64.4971277806815,
1279,Villa Clara,8,-31.8297990342603,-58.8216098979307,
1280,Pueblo Moreno,8,-31.5870037147946,-60.0601610854207,
1281,Alto de las Juntas,3,-27.4279333673832,-65.9950974433152,
1282,Naupa Huen,16,-39.8302247442401,-69.5091240710262,
1283,Cerro Azul,14,-27.6335752411436,-55.4974159907849,
1284,Monte Caseros,7,-30.2494229600191,-57.6294817667543,
1285,San José,13,-32.891002343834,-68.8233852433118,
1286,Labordeboy,21,-33.7176460275389,-61.3140764679232,
1287,Coronel Belisle,16,-39.1867661859205,-65.9547936228308,
1288,Mi Granja,6,-31.3553500072871,-64.0031894181341,
1289,El Rastreador,6,-33.6661834475089,-63.5393329155376,
1290,Villa San Isidro,6,-31.8259254344776,-64.383554475928,
1291,Funes,21,-32.920864509257,-60.8114362900311,
1292,Alto de la Sierra,17,-22.7399526150004,-62.4980213163215,
1293,Los Conquistadores,8,-30.5913371447286,-58.4662357090178,
1294,Rafaela,21,-31.2526675330419,-61.4916615599108,
1295,Playa Unión,5,-43.321660695384,-65.0478800374535,
1296,Las Calles,6,-31.8240438502066,-64.9714250809717,
1297,La Banda,22,-27.7306502519905,-64.2433604451795,
1298,Huaycama,3,-28.1193513672937,-65.7984624307184,
1299,Mendoza,13,-32.8897325533642,-68.8444442314254,
1300,Don Cristóbal,8,-32.0713541870669,-59.9947309809541,
1301,Campo Largo,4,-26.800310492313,-60.8390178666289,
1302,Pozo de Maza,9,-23.5703219147932,-61.7080600293042,
1303,Mari Menuco,15,-38.5413583095589,-68.5451697178405,
1304,La Larga,2,-36.675500343025,-61.9283363521451,
1305,Barrio Norte,16,-38.8673950930107,-68.0186862161727,
1306,Mendiolaza,6,-31.2640443703214,-64.3091277732629,
1307,Alpachiri,11,-37.3768330319597,-63.7732330615973,
1308,San Ignacio (Loteo San Javier),6,-32.1659052832809,-64.5179097272822,
1309,San Martín II,9,-24.4337341031942,-59.6549047914625,
1310,Villa La Rivera,6,-32.2666325052071,-64.5247153832449,
1311,Puerto Tirol,4,-27.3740411914358,-59.0892761648709,
1312,Candelaria,19,-32.061268220701,-65.8248152663859,
1313,Ciénega de Paicone,10,-22.1785618808579,-66.4125691338766,
1314,Ingeniero Forres,22,-27.8745663641349,-63.9773732942677,
1315,Minerva,22,-27.5330350278594,-63.3832540295221,
1316,San Francisco del Monte de Oro,19,-32.6003464475718,-66.1270875511005,
1317,Cacheuta,13,-33.0131455155079,-69.1189728553332,
1318,Villa Ventana,2,-38.0819443434639,-61.929805289519,
1319,El Solar,8,-31.1795440846043,-59.7331340626411,
1320,Empalme San Carlos,21,-31.5477048152486,-60.8137126653718,
1321,San Martín,14,-27.4660441598294,-55.275544957396,
1322,Tolombón,17,-26.1827139010479,-65.9398143353876,
1323,San Antonio,12,-31.0853456166373,-66.7315920815709,
1324,Mocoretá,7,-30.6166771623996,-57.9753625741667,
1325,Líbano,2,-37.532154726257,-61.2852666208524,
1326,Villa El Chacay,6,-32.8925554182168,-64.8679552261021,
1327,San Jerónimo Norte,21,-31.5527079170333,-61.0779235360263,
1328,Colonia Barge,6,-33.2582393924,-62.6075243980859,
1329,Vallecito,18,-31.7346405190887,-67.9828706705004,
1330,Donadeu,22,-26.7252649468065,-62.7207302293428,
1331,La Dorada,3,-29.2448211616141,-65.482548511642,
1332,Aldea María Luisa,8,-31.8838516983236,-60.4105063277925,
1333,Sanabria,6,-32.5282930275938,-63.2480163099916,
1334,Gorostiaga,2,-34.838800215557,-59.8660115870908,
1335,Santa Rosa,11,-36.6204011947334,-64.2906300356297,
1336,Perdriel,13,-33.0749031873841,-68.8883952880467,
1337,Los Cardozos,22,-27.912416629768,-64.1981267807556,
1338,Barrio Destacamento,16,-37.693024347548,-67.8702811060823,
1339,Barrio Empleados de Comercio,13,-34.5557448506522,-68.3018330458584,
1340,Gregoria Pérez de Denis,21,-28.2274527986276,-61.5278160176383,
1341,Lago Puelo,5,-42.0601321615066,-71.5971400319398,
1342,Calabacilla,8,-31.5070034244042,-58.1330469846132,
1343,Luis Palacios,21,-32.7823399784108,-60.9045817702944,
1344,El 49,22,-29.0505806589671,-63.9579352371143,
1345,General La Madrid,2,-37.2496672843438,-61.2621992088509,
1346,Eugenio Bustos,13,-33.778885312025,-69.0652750271063,
1347,Tolar Grande,17,-24.5894007712769,-67.3952047436907,
1348,Barrio del Lago,14,-27.4665218225907,-55.7989929706314,
1349,Palmar Grande,7,-27.9412672870758,-57.9009582059555,
1350,Bañado de Ovanta,3,-28.1062870281431,-65.3192566899895,
1351,Aluminé,15,-39.2384698023024,-70.9159526192148,
1352,Pacará,17,-22.4500782261047,-63.4420054155019,
1353,Villa Llanquín,16,-40.8945603208293,-71.036667452285,
1354,Larguía,21,-32.5519832443993,-61.2185806478785,
1355,San Javier y Yacanto,6,-32.0264696508263,-65.0302683672552,
1356,Punta de Balasto,3,-26.9533871146054,-66.1362317932693,
1357,Santo Domingo,2,-36.7115597782752,-57.5861674511156,
1358,Aldea Santa Rosa,8,-32.0131601160492,-60.2392099527139,
1359,Buta Ranquil,15,-37.0516079001953,-69.8777949183135,
1360,Estación Raíces,8,-31.908551726803,-59.2612327187785,
1361,Dorila,11,-35.7763229509013,-63.716840693317,
1362,Firmat,21,-33.4390719432329,-61.4821108501604,
1363,Laguna Alsina,2,-36.8075635644925,-62.2479661210824,
1364,Purmamarca,10,-23.7465944886986,-65.4992001420397,
1365,Tostado,21,-29.2327297041075,-61.7712078626857,
1366,Pirané,9,-25.7326498192715,-59.1098080633516,
1367,Guaviraví,7,-29.367257277234,-56.829729487149,
1368,Cafayate,17,-26.0730439668796,-65.9759833821153,
1369,Ojos de Agua,16,-41.5563512021293,-69.8693683306033,
1370,Bartolomé de las Casas,9,-25.4090620882755,-59.5714188388511,
1371,Libertad,10,-23.7623963246001,-64.7272695088026,
1372,Los Nacimientos,3,-27.1643458211608,-66.7355154111502,
1373,Dudignac,2,-35.6502676871895,-60.7095008306529,
1374,Joaquín V. González,17,-25.1173913945956,-64.1247732363283,
1375,Ascochinga,6,-30.9590358937464,-64.2733493995531,
1376,Ordoñez,6,-32.8410073284041,-62.8659855543871,
1377,Villa del Carmen,19,-32.9399546611855,-65.0388803352142,
1378,Playas Doradas,16,-41.6311379036925,-65.0265965722596,
1379,Felipe Yofré,7,-29.1068306261889,-58.339630558229,
1380,Valle Azul,16,-39.15631230322,-66.7875534586849,
1381,Paso Córdova,16,-39.1138585167736,-67.6266340989681,
1382,Cipolletti,16,-38.9347652546681,-68.0017852777819,
1383,Tumbaya,10,-23.8576990380299,-65.4675585233032,
1384,Barrio Finca La Maroma,17,-25.1533211909504,-65.4393530869449,
1385,Pueblo Nuevo,2,-37.5237012125811,-60.7740826042178,
1386,Villanueva,2,-35.6753060984282,-58.4338790521827,
1387,Las Vertientes,6,-33.2834447901943,-64.5777124849718,
1388,Astra,5,-45.7320397713595,-67.4919959497296,
1389,San Salvador de Jujuy,10,-24.1858286711634,-65.2994830799205,
1390,Monte Buey,6,-32.9156374383737,-62.454900955381,
1391,Chepes,12,-31.3409735865903,-66.5919231559393,
1392,Colonia Alemana,8,-30.9035950691115,-57.9998943396245,
1393,Relmo,11,-36.2565045123829,-63.4480892950842,
1394,Isca Yacu Semaul,22,-27.0469117165937,-64.6183947967884,
1395,Alfredo Demarchi,2,-35.2923551925373,-61.4058045162937,
1396,Tacural,21,-30.8462652966368,-61.5917489502592,
1397,San Joaquín,6,-34.5117297210437,-63.7088418221183,
1398,Balneario Monje,21,-32.3340402520905,-60.8765483675485,
1399,Villa Chicligasta,24,-27.4340815369012,-65.1642407603942,
1400,El Rabón,21,-28.2211776099941,-59.2642198971569,
1401,Santa Victoria Este,17,-22.2727303661931,-62.7125778795907,
1402,El Cuadrado,22,-28.2283768708794,-61.8020755659887,
1403,Riachuelo,7,-27.5804349376368,-58.7431168330177,
1404,Puerto Aragón,21,-32.2429521983324,-60.9233125810172,
1405,El Trapiche,19,-33.1092364585919,-66.0630692408553,
1406,Villa Borjas - La Chimbera,18,-31.810153687785,-68.3284492002488,
1407,Barrio Rivadavia,13,-33.2316065668468,-68.476835911636,
1408,Villa General Arias,2,-38.8095202261785,-62.1010009856671,
1409,Las Cuevas,13,-32.813948303001,-70.0489552654573,
1410,Los Hornillos,6,-31.9033424679416,-64.9897549355372,
1411,Los Frentones,4,-26.4070680088246,-61.412880578572,
1412,Coronel Rodolfo S. Domínguez,21,-33.1837048790854,-60.7219810563401,
1413,Villa Elvira,21,-32.6413382020188,-60.8182757783376,
1414,Villa de las Rosas,6,-31.9503622494173,-65.0539943338809,
1415,Fracrán,14,-26.7434318690681,-54.2974537158681,
1416,Estela,2,-38.1099152231,-62.9147830517742,
1417,Pontaut,2,-37.7317498535758,-61.3236071513497,
1418,Alejandro Roca,6,-33.3535611422207,-63.7177345908776,
1419,Barrio Gilbert,6,-31.4416722128598,-64.3180023506966,
1420,Paraje Chaco Chico,21,-31.5665071502413,-60.6615195422776,
1421,Faustino M. Parera,8,-32.804430236216,-58.8826336786977,
1422,Miramar,6,-30.9151531803715,-62.6750095451306,
1423,Bahía Blanca,2,-38.7227702772442,-62.2727419998288,
1424,Grünbein,2,-38.7492722104635,-62.1908892770901,
1425,Barrio Cooperativa Los Campamentos,13,-33.2729925952333,-68.4134600936754,
1426,Malargüe,13,-35.4683739980962,-69.5847075525399,
1427,Plaza Vieja,12,-28.965459530816,-67.5162365519924,
1428,San Pedro,6,-31.936473984733,-65.2188678499261,
1429,Garmendia,24,-26.5685396128214,-64.5575273272658,
1430,Laguna Limpia,4,-26.4958399099606,-59.680356876031,
1431,La Libertad,13,-33.2122668767542,-68.5078422669978,
1432,Rocamora,8,-32.3446636290147,-58.9730096688976,
1433,San Miguel,1,-34.552134348678,-58.6917835230055,
1434,Garuhapé,14,-26.8211256600335,-54.9577454257086,
1435,Tres Lagunas,9,-25.2161240368421,-58.513078609131,
1436,Anchorena,19,-35.6757095531148,-65.4246390829684,
1437,La Picada,8,-31.7250045287472,-60.2975491064565,
1438,Melincué,21,-33.6611434455621,-61.4569901150449,
1439,Cordón del Plata,13,-33.4624304577156,-69.143259066239,
1440,Loma Verde,2,-35.2740091575246,-58.403828253423,
1441,Sumamao,22,-28.1693983525651,-64.0988944329918,
1442,Gaboto,21,-32.4325244270379,-60.8178144085059,
1443,Mussi,6,-31.4362627833818,-65.0660065327235,
1444,Villa Los Llanos,6,-31.2764654286199,-64.1609048856654,
1445,San Clemente,6,-31.7145149594752,-64.6282801869309,
1446,San Miguel de Tucumán,24,-26.8303887617109,-65.2037797033494,
1447,Ñirihuau,16,-41.0873874578734,-71.1417849860309,
1448,Kilómetro 3 - General Mosconi,5,-45.8396707826001,-67.4738955704894,
1449,Estanislao del Campo,9,-25.0535462736029,-60.0906385210658,
1450,Palpalá,10,-24.259944722703,-65.2061799541843,
1451,López,2,-37.5522803374568,-59.6277666192398,
1452,Batán,2,-38.0077620761547,-57.710503239508,
1453,Los Juríes,22,-28.4629264335985,-62.1102401741529,
1454,San José de las Salinas,6,-30.0069521059533,-64.6239392677077,
1455,El Hoyo,5,-42.0640503025439,-71.5191432921128,
1456,Ranqueles,6,-34.8426586423884,-64.100317162126,
1457,Juan Pujol,7,-30.4193217435637,-57.8558925692433,
1458,Arroyo Algodón,6,-32.2011870055989,-63.1651247599125,
1459,Chimbas,18,-31.4932663022506,-68.5325651897321,
1460,Carcarañá,21,-32.8573856568626,-61.1518666525431,
1461,Carro Quemado,11,-36.4749257307713,-65.3446564920527,
1462,Cariló,2,-37.1652201596011,-56.8988186926853,
1463,Los Árboles,13,-33.183249564969,-68.5665366776074,
1464,Allmirante Brown,6,-31.3074897144828,-64.182727841378,
1465,Piquete Cabado,17,-24.8208499637771,-64.1776669022563,
1466,Coronel Boerr,2,-35.9404610890436,-59.0680868874242,
1467,Beravebú,21,-33.3408431220729,-61.8620921917021,
1468,Hermoso Campo,4,-27.6100163822701,-61.3442358577896,
1469,Fofo Cahuel,5,-42.4082116628287,-70.530714862221,
1470,La Tigra,4,-27.114230445782,-60.5876582048946,
1471,Phillips,13,-33.2009807649662,-68.3774928550962,
1472,Jesús Nazareno,13,-32.9237921742848,-68.7823137373042,
1473,Tatané,9,-26.3981528253904,-58.3573369544818,
1474,Albarellos,21,-33.2395386776406,-60.6367606409017,
1475,San Mayol,2,-38.3180136176114,-60.0276209243932,
1476,Coronel Du Graty,4,-27.6822134077665,-60.9043422133531,
1477,Los Pozos,6,-30.5191804150051,-64.2522892562555,
1478,Yacuy,17,-22.369317329143,-63.7684790179383,
1479,Añatuya,22,-28.4602033506379,-62.8335424678454,
1480,Parada Pucheta,7,-29.9060392794892,-57.5741688351701,
1481,La Unión,17,-23.8968918075922,-63.197034765919,
1482,La Carreta,2,-36.2037313602021,-62.2354636261776,
1483,Villa Dolores,3,-28.4611661862365,-65.7328190343883,
1484,Rodeo de la Cruz,13,-32.9210463916055,-68.7389029800416,
1485,Tres Porteñas,13,-32.8993664648913,-68.3885547871148,
1486,Elvira,2,-35.2427518619546,-59.4856520939805,
1487,La Puntilla,3,-28.1293308829888,-67.4997563754494,
1488,Cerro de la Gloria,2,-35.9748604509867,-57.4495354380042,
1489,Laprida,2,-37.5442260049415,-60.8010273264532,
1490,Puerto Rico,14,-26.8085916829121,-55.0221268413538,
1491,La Puerta,6,-31.1431642572558,-64.0412657421536,
1492,Villa Pastora,6,-31.3058159712823,-64.1791873163252,
1493,Villa Llao Llao,16,-41.0464476944193,-71.5147156577085,
1494,Colonia Wanda,14,-25.9733663759994,-54.5630397012731,
1495,Villa Bonita,14,-27.4829003439968,-54.9648326532294,
1496,Arroyo Aguiar,21,-31.4320871377067,-60.6679312268466,
1497,La Carlota,6,-33.4179776759532,-63.2936289409448,
1498,Rucanelo,11,-36.0417970740766,-64.8357210916463,
1499,Lamarque,16,-39.4251540539646,-65.7021450626275,
1500,Koluel Kaike,20,-46.7168153931794,-68.2235809078605,
1501,Cruz de los Milagros,7,-28.8361238233681,-59.0060051399177,
1502,Palos Blancos,10,-24.3269890492978,-64.945732637077,
1503,Villa La Angostura,15,-40.7629958391558,-71.6410019215706,
1504,El Tío,6,-31.3854205210761,-62.8281977015565,
1505,San Cosme,7,-27.3703733639743,-58.5125134414712,
1506,Barrio Esperanza,16,-39.0453834557247,-63.9971952923328,
1507,Arias,6,-33.6420729225189,-62.4041194655182,
1508,Leones,6,-32.6593552693932,-62.2972675758562,
1509,Bermejito,10,-23.7887377119013,-64.7299316600281,
1510,Hughes,21,-33.8012011812235,-61.3361332085882,
1511,Unquillo,6,-31.2371523751516,-64.3117636936437,
1512,Adolfo Gonzales Chaves,2,-38.0323707294767,-60.0993919276647,
1513,Cervantes,16,-39.0539613200444,-67.3941569689867,
1514,Villa Manzano,16,-38.6806163888128,-68.2160229591889,
1515,Irene,2,-38.5545755327377,-60.6962982485661,
1516,Chalacea,6,-30.7603966656184,-63.5612423391006,
1517,Loteo Navea,10,-24.270281626693,-65.2756022753354,
1518,Susques,10,-23.3975405828868,-66.3673506130949,
1519,Lutti,6,-32.3184982729107,-64.7469859010605,
1520,Concarán,19,-32.5608764035456,-65.2445473307738,
1521,Varvarco,15,-36.8547881517533,-70.6781519736701,
1522,Fortín Cabo 1º Lugones,9,-24.2864226294886,-59.8276785997752,
1523,Los Chañaritos,6,-31.4025299098834,-63.3305013185176,
1524,La Rinconada,9,-23.4947961607208,-61.5766535653916,
1525,Punta de Vacas,13,-32.8557798820603,-69.7632140912501,
1526,Comandante Fontana,9,-25.3306403808431,-59.6809897687992,
1527,Jardín Arenales,6,-31.3685851015486,-64.0605223114939,
1528,Colana,3,-28.3623962022824,-66.1597557408836,
1529,Villa Traful,15,-40.6543581089371,-71.4000391676733,
1530,Santa Lucía,18,-31.5312640960211,-68.4998317454752,
1531,La Calera,6,-31.3503560189278,-64.3379432970611,
1532,Península Ruca Co,16,-38.7017015723766,-68.0282330316556,
1533,Mones Cazón,2,-36.2277491251375,-62.0067386213215,
1534,Yanda,22,-27.9093179145407,-64.230309872918,
1535,Picún Leufú,15,-39.5186278649278,-69.2910611349608,
1536,Nueva Vizcaya,8,-30.9685140319756,-58.6127493441519,
1537,Josefina,21,-31.4063018966516,-61.9919561931474,
1538,Tama,12,-30.506616608145,-66.5289312749874,
1539,San Luis del Palmar,7,-27.5076986550343,-58.5561477152531,
1540,Avellaneda,21,-29.1175214810381,-59.6584720787821,
1541,Río Primero,6,-31.3338717909147,-63.6185723754357,
1542,El Manzano,13,-33.5861411847394,-69.3271065826152,
1543,Lagunita Salada,5,-42.742232747455,-69.1490058696414,
1544,San Martín Norte,21,-30.3457142621827,-60.3035143476299,
1545,Isca Yacu,22,-27.0288907651328,-64.6115269592915,
1546,Colonia Durán,21,-29.5581192781533,-59.9265923492876,
1547,Barrio Perdriel IV,13,-33.0766828971477,-68.9137985131991,
1548,Brandsen,1,-35.2225197990076,-58.1752339039367,
1549,Villa Akerman,14,-26.9433284445605,-55.0955190135295,
1550,Catua,10,-23.8701269414943,-67.0044968691321,
1551,25 de Mayo,2,-35.4324710829424,-60.1715593507727,
1552,Guaraní,14,-27.5231765026164,-55.1576461294309,
1553,Melo,6,-34.3486754803918,-63.4451505752925,
1554,Famatina,12,-28.9250493583203,-67.5195931708555,
1555,Ingeniero Giagnoni,13,-33.1278250293367,-68.4123885264046,
1556,Comandante Andresito,14,-25.6671648439804,-54.0498617471609,
1557,Villa Rossi,6,-34.2979365972573,-63.2685389833266,
1558,Los Cocos,6,-30.9264646838313,-64.5003923888041,
1559,Ramayón,21,-30.6719500341159,-60.5059519981729,
1560,El Quemado,10,-24.1045911212204,-64.8240247135758,
1561,La Cocha,24,-27.7700103267584,-65.5884413470692,
1562,Yuto,10,-23.6428018915251,-64.471641953659,
1563,Cangrejillos,10,-22.4242323230985,-65.580994619225,
1564,Ruiz de Montoya,14,-26.9704326336471,-55.0522224925892,
1565,Chucuma,18,-31.0694161366037,-67.2821112425696,
1566,Cusi Cusi,10,-22.3403382716588,-66.4934870925034,
1567,Los Sauces,13,-33.5944641922174,-69.1754980493632,
1568,La Falda de San Antonio,3,-28.4249926112323,-65.6967351961,
1569,Paso Grande,19,-32.8773224104062,-65.6350549915323,
1570,Wheelwright,21,-33.79230943217,-61.2106951750694,
1571,Basavilbaso,8,-32.37215997874,-58.8786718167317,
1572,Noetinger,6,-32.3660224938183,-62.3071748369674,
1573,Lilo Viejo,22,-26.9387807202499,-62.9572695563442,
1574,Olpas,12,-30.8061831450308,-66.2439574519494,
1575,Rayo Cortado,6,-30.0729914011542,-63.8236025574958,
1576,Deán Funes,6,-30.4249771769302,-64.35273931174,
1577,Colonia Elía,8,-32.6704033344325,-58.3253513587223,
1578,Chañar,12,-30.5414407589519,-65.9560642078614,
1579,Las Tejas,8,-31.4111605940935,-58.0792668875232,
1580,La Leonesa,4,-27.0381487234311,-58.7072486236073,
1581,El Juncal,16,-40.8074060552697,-63.1232809499307,
1582,Cortaderas,19,-32.5052575308593,-64.9921531587797,
1583,La Esperanza,10,-24.2246560829457,-64.8385395014329,
1584,Gobernador Roca,14,-27.1900611618491,-55.4693193128167,
1585,Miramar,2,-38.2704610177891,-57.8398544548104,
1586,Villa Concepción del Tío,6,-31.3221001738389,-62.8139980950812,
1587,La Invernada,22,-27.382678901274,-63.488154774308,
1588,Villa Alfredo Fortabat,2,-36.9810049379081,-60.2786017240524,
1589,Carpintería,19,-32.4101026889389,-65.009919408714,
1590,Hipólito Yrigoyen,14,-27.0857111252786,-55.287419647088,
1591,Angeloni,21,-30.8556658864188,-60.6501755316761,
1592,Villa del Rosario,8,-30.7957385008307,-57.9145527100309,
1593,Santa Rita de Catuna,12,-30.9547125049789,-66.2206893248424,
1594,Embajador Martini,11,-35.3873484763632,-64.2827669425504,
1595,Villa Josefina,21,-31.440752582718,-62.026242839501,
1596,El Pedregal,13,-32.8584966216671,-68.6497657300625,
1597,Banda Florida,12,-29.3058404948469,-68.2451399795853,
1598,San Martín,6,-31.8855360346355,-65.4774666180145,
1599,Salta,17,-24.7831983811283,-65.4102509654276,
1600,Los Catutos,15,-38.8373560898983,-70.1984176324513,
1601,Lucas González,8,-32.3843937289654,-59.5308470434542,
1602,San Vicente,1,-35.0715087168304,-58.4318120603266,
1603,Antinaco,12,-28.819342176429,-67.3148550386389,
1604,Lobería,2,-38.1633849286114,-58.7818467987101,
1605,Los Corralitos,13,-32.9010683518785,-68.6975818672055,
1606,Berdier,2,-34.3979341962246,-60.2595705520168,
1607,Miraflores,3,-28.5987366560516,-65.90216777551,
1608,Teniente Berdina,24,-27.0503375501781,-65.4877027185185,
1609,Monteagudo,24,-27.510776781948,-65.2773295398962,
1610,El Salto,13,-32.959744920419,-69.2648595853864,
1611,San Pedro,10,-24.2317282791341,-64.8678160672237,
1612,Cutral Có,15,-38.9379112835808,-69.2293658118618,
1613,General Gelly,21,-33.6001762745689,-60.5979139757829,
1614,Pueblo Gouin,2,-34.4935583552398,-59.8013546655888,
1615,Gobernador López,14,-27.6663565740309,-55.2134709752043,
1616,Loma Blanca,10,-22.4722627385754,-66.4841075547226,
1617,Barrio Unión,16,-38.9684284506723,-67.9476443682529,
1618,Tinogasta,3,-28.0655616313794,-67.564368979148,
1619,Colonia Juliá y Echarren,16,-39.0345591542259,-64.0284669321478,
1620,Barrio La Barda,16,-39.0508013447524,-67.2174614049349,
1621,Coronda,21,-31.9744848131131,-60.9160919168416,
1622,Chaján,6,-33.5556299871625,-65.0026547353906,
1623,Aguada Cecilio,16,-40.8489407181873,-65.8424911267838,
1624,La Tordilla,6,-31.2365377700182,-63.0610805005813,
1625,Rufino,21,-34.261872818369,-62.7110666031258,
1626,Puerto Argentino,23,-51.6936791269923,-57.8608555040022,
1627,Puelches,11,-38.1463020880227,-65.9140406261922,
1628,Santa María,3,-26.6945250921457,-66.0479669337187,
1629,Médanos,2,-38.8292649440891,-62.693309603918,
1630,Ataliva Roca,11,-37.0318092184739,-64.2853395982042,
1631,Goyena,2,-37.7210187708495,-62.6064548472965,
1632,San Román,2,-38.7418099171263,-61.5382786434217,
1633,Bigand,21,-33.3740366712088,-61.1847468491116,
1634,La Guardia,3,-29.5565259468291,-65.45292512565,
1635,Aerolito,22,-27.2341968806573,-62.3787656753851,
1636,Ingenio Fronterita,24,-27.0309271299206,-65.4603924128984,
1637,Horquilla,4,-27.542386472465,-59.9557830142463,
1638,El Caburé,22,-26.0158842088345,-62.3341733979138,
1639,Cachi,17,-25.1199676490935,-66.1618759239973,
1640,San Ignacio (Loteo Vélez Crespo),6,-32.0989506129028,-64.5371421674543,
1641,Ezeiza,1,-34.8760968437468,-58.5647013731149,
1642,Villa Olivari,7,-27.6331004316817,-56.9063054446071,
1643,Grutly,21,-31.2686901160947,-61.071972167969,
1644,Puerto San Antonio Este,16,-40.8043457603265,-64.8804105856761,
1645,Cruce Caballero,14,-26.5420991404552,-53.9418790885698,
1646,Paso Viejo,6,-30.767438455012,-65.1904310993209,
1647,Anguil,11,-36.5268380400041,-64.0117028433626,
1648,Colón,8,-32.2250500793422,-58.1422695022137,
1649,Nicanor Olivera,2,-38.2830519080038,-59.2027437728131,
1650,San Marcos,17,-22.5154418096975,-65.1123239010026,
1651,Chivilcoy,13,-33.0426645917974,-68.447913373425,
1652,Chuchucaruana,3,-27.9217506990605,-65.8386083361237,
1653,Santa Rosa de Leales,24,-27.1377140146604,-65.2608688276066,
1654,Mar Azul,2,-37.3368119149466,-57.0295357510231,
1655,Laguna Blanca,4,-27.2554304381034,-59.2330158035774,
1656,Valdés,2,-35.6480414274632,-60.4656761416649,
1657,Conscripto Bernardi,8,-31.0462438153575,-59.0867226661372,
1658,Beltrán,22,-27.8268338006003,-64.0587601014225,
1659,Paso Córdova,16,-39.106782381166,-67.6273702123931,
1660,La Penca y Caraguatá,21,-30.3467233829811,-60.5212493500233,
1661,Blanco Encalada,13,-33.0389312957558,-69.0064392051805,
1662,La Francia,6,-31.4062958702974,-62.6332175393621,
1663,Las Flores,2,-36.0142687533086,-59.0998639774757,
1664,El Mojón,22,-27.9936232941296,-64.2081007218688,
1665,Plaza Huincul,15,-38.9301238913808,-69.2077778906463,
1666,Estación Apóstoles,14,-27.911529115791,-55.8092186405509,
1667,Las Cañas,3,-28.2047223578394,-65.2143862351425,
1668,San Pedro,2,-33.6759480318045,-59.6630158141548,
1669,Villa Lago Azul,6,-31.3734098206203,-64.4831976847182,
1670,Quili Malal,15,-38.3261499357308,-69.8135410990433,
1671,17 de Agosto,2,-37.9097506905124,-62.935638980217,
1672,Rincón de los Sauces,15,-37.3901794870084,-68.9251875598311,
1673,El Colorado,22,-27.9145343508582,-62.177357286496,
1674,El Alto,3,-28.3106109640954,-65.3644441119424,
1675,Macapillo,17,-25.4028263091188,-63.9809716001953,
1676,Guatimozín,6,-33.4642879445387,-62.4382553098875,
1677,El Mollar,24,-26.9397961578393,-65.709194970895,
1678,Chimpay,16,-39.1653983018603,-66.1464170168538,
1679,Barrio Arroyo del Medio,21,-33.2836144223814,-60.2714238037976,
1680,San Emilio,2,-35.0304075257497,-60.8660730503346,
1681,Ferri,16,-38.887942831715,-68.0075247555099,
1682,Cavanagh,6,-33.4737649768214,-62.338907063379,
1683,San Roque,6,-31.3452988597799,-64.4511033928957,
1684,Charata,4,-27.2179223027158,-61.1873479676585,
1685,Larrechea,21,-31.9354149257383,-61.0457516456142,
1686,Balneario Pehuen Co,2,-38.999893566657,-61.5536640537776,
1687,Amuschina,12,-28.5835065474117,-67.1832709934048,
1688,La Paz,13,-33.4616956373988,-67.5522768122258,
1689,Ramona,21,-31.091856395804,-61.9024722865138,
1690,La Pala,2,-36.6639203566646,-63.3664656038284,
1691,La Clarita,8,-31.9757522344996,-58.3924313333867,
1692,Baigorrita,2,-34.7478044778318,-60.9883860604869,
1693,Santa Isabel,11,-36.2301951511864,-66.938973642145,
1694,El Espino,13,-33.0748874189334,-68.3968319496423,
1695,Tobuna,14,-26.4699728950091,-53.8911261704341,
1696,Barrio Cicarelli,21,-32.6083088053541,-61.3241858495052,
1697,Antelo,8,-32.5335417495954,-60.0354527750223,
1698,Capilla del Carmen,6,-31.5076796457479,-63.3431450430554,
1699,Luis Beltrán,16,-39.3107059233852,-65.7635638055831,
1700,General Conesa,2,-36.5208605076963,-57.324938712347,
1701,Sauce,7,-30.0855347172816,-58.7872807765516,
1702,Chaquiago,3,-27.5478659002109,-66.3268716116203,
1703,Guasapampa,6,-31.1015929485825,-65.3292093453157,
1704,Puente Cero,16,-39.0291165560448,-67.4996773695915,
1705,Puerto Reconquista,21,-29.2337532984465,-59.5810401119851,
1706,Colonia Bismarck,6,-33.3012370460281,-62.7126467829865,
1707,Centro Forestal,10,-24.2290271935064,-65.1784152844712,
1708,Huyamampa,22,-27.385665157598,-64.295232224292,
1709,General Enrique Godoy,16,-39.0784477162384,-67.15745191765,
1710,Quebraleña,10,-23.2862311682465,-65.769884805452,
1711,Jagüé,12,-28.6637211783493,-68.3857405424316,
1712,Chorriaca,15,-37.9368409561466,-70.1003671239064,
1713,Calchín,6,-31.6688571350915,-63.1990430194773,
1714,Acheral,24,-27.12072050474,-65.4705647177524,
1715,La Travesía,6,-32.1145572309961,-65.04368346574,
1716,Capitán Juan Pagé,17,-23.6883089923013,-62.3762471272295,
1717,El Alcázar,14,-26.7136471487898,-54.8140478333356,
1718,Santo Pipó,14,-27.1401239915784,-55.4085092855596,
1719,Delfín Gallo,24,-26.84424366962,-65.0931924556865,
1720,La Manga,10,-24.1911799991789,-64.8476231145512,
1721,Arenaza,2,-34.9850210216776,-61.7743212902483,
1722,Falucho,11,-35.1907264970461,-64.1070652191117,
1723,José de San Martín,5,-44.0514653137899,-70.4707413513195,
1724,Villa Kilómetro 213,9,-26.1871656945378,-59.3671554792234,
1725,Los Blancos,17,-23.6094152230202,-62.594788379122,
1726,3 de Mayo,13,-32.6804705368401,-68.6392269372777,
1727,La Puerta,6,-30.89334294769,-63.2548254529832,
1728,Mutquin,3,-28.3148469539552,-66.1490141867256,
1729,Barrio El Coyunco,2,-37.9105013275376,-57.7488101521018,
1730,Mariano Moreno,15,-38.7636115201935,-70.0374506173879,
1731,General Manuel J. Campos,11,-37.4614543432233,-63.5857575194871,
1732,Angulos,12,-28.6556554748548,-67.6522496517698,
1733,Las Carabelas,2,-34.0368745251476,-60.8676211940846,
1734,Colonia Las Rosas,13,-33.6056386398876,-69.1044262295027,
1735,Tabay,7,-28.3081359127144,-58.2868656335838,
1736,Humahuaca,10,-23.2059295127592,-65.3474535770512,
1737,1º de Mayo,8,-32.2553731709224,-58.4226001926306,
1738,Olaeta,6,-33.0447614488897,-63.9060666446281,
1739,El Triunfo,2,-35.0898300381703,-61.5188238469414,
1740,San Basilio,6,-33.498548483794,-64.3147319478558,
1741,Pedro Luro,2,-39.5014968706772,-62.6798287686143,
1742,Tejas Tres,6,-31.4402198498087,-64.3146100635254,
1743,Tosno,6,-30.9598738194308,-65.3103972669276,
1744,Nueva Pompeya,4,-24.9330746180761,-61.483145172937,
1745,Barrancas,13,-33.0818328680819,-68.7276151941116,
1746,Pichanal,17,-23.3245912929234,-64.2253034273741,
1747,Los Palacios,12,-29.36930438632,-68.235541798421,
1748,Betbeder,8,-32.3721797633805,-59.9284078342041,
1749,25 de Mayo,13,-34.5825581463526,-68.5368759134333,
1750,Sauce Montrull,8,-31.7448088128617,-60.3557573370731,
1751,Río Tercero,6,-32.1767393738221,-64.1129628407675,
1752,Aguas Calientes,10,-24.5850214756868,-64.9227633011974,
1753,Monte Flores,21,-33.0763377572597,-60.633435016675,
1754,Empalme Villa Constitución,21,-33.2611690764412,-60.3796047256777,
1755,Zapala,15,-38.9029343545295,-70.0642112166622,
1756,Villa Gobernador Gálvez,21,-33.025131923588,-60.633689287872,
1757,La Angelita,2,-34.2617939398441,-60.9661080082445,
1758,La Paquita,6,-30.9092897447442,-62.2161123144661,
1759,Colan Conhue,16,-40.6685480374546,-69.1066951692355,
1760,3ra Sección,13,-32.8883061527,-68.8320926627431,
1761,Chapuy,21,-33.8007101841227,-61.7443138485302,
1762,Coronel Olleros,17,-25.100544491003,-64.2215706081892,
1763,Caspalá,10,-23.363371839558,-65.0924381173466,
1764,Pampayasta Sud,6,-32.2505020764021,-63.6516762364007,
1765,Villa Elisa,6,-32.8347578086408,-62.2952589654963,
1766,Colonia Santa María,11,-37.4947906576689,-64.2241167586505,
1767,Mariano I. Loza,7,-29.3768720997383,-58.1922345557106,
1768,Castro Barros,12,-30.5788937356025,-65.7271102931581,
1769,Santa Vera Cruz,12,-28.6757487530252,-66.9605583599112,
1770,Colonia San Miguel Arcángel,2,-37.4490178803234,-63.1171563604927,
1771,Tres Lomas,2,-36.4591893277392,-62.8625761708921,
1772,Mercedes,2,-34.6507332109012,-59.43138744045,
1773,Choya,22,-28.4961034265278,-64.856284376695,
1774,Firmat,21,-33.4581435162634,-61.4862103569169,
1775,Serodino,21,-32.603740815386,-60.9474006363592,
1776,Roberto Cano,2,-34.087718856831,-60.6676797814963,
1777,Corzuela,4,-26.9513065400359,-60.9703382686613,
1778,Piquillín,6,-31.3005997390951,-63.75767305543,
1779,Vichigasta,12,-29.4852632507737,-67.5067773622498,
1780,El Mirasol,5,-43.2836552092519,-67.7614282705723,
1781,Telén,11,-36.2642784211513,-65.5111739287674,
1782,El Arañado,6,-31.7430345251192,-62.8896267547148,
1783,Barrio Gilbert (1º de Mayo) - Tejas Tres,6,-31.4397104183034,-64.3179956523182,
1784,Gobernador Juan E. Martínez,7,-28.912338712049,-58.9361031061952,
1785,Sa Pereyra,21,-31.5704558103065,-61.376534144157,
1786,9 de Julio Kilómetro 20,14,-26.4147164146002,-54.495858793798,
1787,Agustín Mosconi,2,-35.7403170506186,-60.557071200522,
1788,Patquía,12,-30.0481465231574,-66.8797165622639,
1789,Los Pirpintos,22,-26.1316795053874,-62.0643652176977,
1790,Luan Toro,11,-36.2039526749804,-65.0996511363574,
1791,Fortín Acha,2,-34.3423483954941,-61.5151801698666,
1792,Ataliva,21,-30.9962676110821,-61.431909256734,
1793,Salto Grande,21,-32.6660588029387,-61.0882080982879,
1794,San Hilario,9,-26.0299921118471,-58.6522557077963,
1795,Gobernador Solá,8,-32.336522574321,-59.3727853441384,
1796,1º de Mayo,14,-27.1679908455962,-55.0290627050208,
1797,Caspi Corral,22,-27.3884169545639,-63.5469229483022,
1798,Las Tunas,8,-31.8685965611317,-59.728864072529,
1799,Misión Tierras Fiscales,17,-23.2260147116547,-64.0919626744667,
1800,Chuquis,12,-28.8909559894415,-66.9716279577756,
1801,El Maitén,5,-42.0503208895139,-71.1677874573224,
1802,Morón,1,-34.6493861631091,-58.6198317111492,
1803,Coronel Fraga,21,-31.1744691752842,-61.917483026423,
1804,Costa Bonita,2,-38.5599736314668,-58.6284817778164,
1805,San José de Orquera,17,-25.26615673023,-64.0758857979017,
1806,Maza,2,-36.8003160533886,-63.3392811717819,
1807,Las Mojarras,3,-26.6937570109379,-66.0662144302352,
1808,Suco,6,-33.439992150182,-64.830882262924,
1809,Ordoqui,2,-35.8805704780124,-61.1601648968635,
1810,Hernán Mejía Miraval,22,-27.1771837611278,-62.4696501851274,
1811,Tupungato,13,-33.3693159694486,-69.1465922989995,
1812,Pueblo Muñóz,21,-33.1720463201281,-60.8980737633767,
1813,Arroyito,6,-31.4192297658795,-63.0507025887566,
1814,Hasenkamp,8,-31.5121688745034,-59.8352827889199,
1815,Devoto,6,-31.4017821576289,-62.3062226981478,
1816,Fighiera,21,-33.1938621179459,-60.4694380490748,
1817,Colonia Ayuí,8,-31.2077200710886,-58.0312441498482,
1818,Campichuelo,17,-23.1108543212477,-63.9996510539197,
1819,El Araza,21,-29.1329996980097,-59.9475820089713,
1820,Las Mojarras,6,-32.3043333011971,-63.2334364556727,
1821,El Bañado,3,-29.1949686063432,-65.4372756503072,
1822,Colonia Almada,6,-32.0350246795763,-63.8647845777601,
1823,San Pedro,3,-28.7460025987333,-66.1246593323879,
1824,Nazareno,17,-22.5094767962962,-65.1023763829106,
1825,Tres Sargentos,2,-34.4665633184272,-59.9994503481915,
1826,El Durazno,6,-32.1698010305769,-64.7738851513169,
1827,Roque Pérez,2,-35.4005763060432,-59.3348321510909,
1828,Villa Parque Siquimán,6,-31.3464555064848,-64.4824487591943,
1829,Villa Manuel Pomar,2,-33.915451901214,-60.9383442419377,
1830,Villa Espora,2,-38.7414156242007,-62.1713754950049,
1831,General Pico,11,-35.6593004344736,-63.7578717289548,
1832,El Marquesado,2,-38.2286115604581,-57.754407057278,
1833,General Alvear,2,-36.0217418768588,-60.0145053844846,
1834,Santa Lucía,24,-27.0927743714751,-65.5325183966732,
1835,Barrancas,15,-36.821283998305,-69.9152842865671,
1836,Máximo Paz,21,-33.483177504226,-60.9561048192364,
1837,Colazo,6,-31.9645614307766,-63.382678347758,
1838,Hernández,8,-32.3382714166742,-60.0321261187869,
1839,Ramón Biaus,2,-35.0872056184083,-59.9243732016552,
1840,Salliqueló,2,-36.7515133840938,-62.9591311423931,
1841,Pumahuasi,10,-22.2899728229498,-65.6800738577856,
1842,Las Garcitas,4,-26.6180677849294,-59.7990423169377,
1843,Los Núñez,22,-27.5342208180851,-64.5288345722073,
1844,San Fernando,1,-34.1558361119161,-58.5345816568901,
1845,Agua de Oro,6,-31.0622288550886,-64.3006405218046,
1846,Pinzón,2,-33.9932846578948,-60.7306613975388,
1847,Villa Nueva,13,-32.8973671765486,-68.7871030299981,
1848,Chilca Juliana,22,-28.7972018368304,-63.5753442508143,
1849,Pichi Mahuida,16,-38.8319697473405,-64.934027800074,
1850,Licenciado Matienzo,2,-37.9085106220076,-58.9125542109716,
1851,Taquimilán,15,-37.517446617969,-70.2487572746331,
1852,Miguel Cané,11,-36.1571837349487,-63.5125978526535,
1853,Cuadro Benegas,13,-34.6385610052972,-68.4666300426389,
1854,Almafuerte,6,-32.1923904655136,-64.2557452081438,
1855,Pituil,12,-28.5759782477155,-67.4490937047696,
1856,Barker,2,-37.6396606486406,-59.3911291370342,
1857,Barrio Río Salado,2,-35.6940389294991,-58.4486418217353,
1858,Concordia,8,-31.3974508914818,-58.0172034297914,
1859,Telsen,5,-42.4355306191918,-66.9432129672812,
1860,Los Mistoles,6,-30.6266872015803,-63.8861172868214,
1861,Anguinán,12,-29.1990741866199,-67.4621457728199,
1862,Ana Zumarán,6,-32.3909528477684,-63.0572324375935,
1863,Junín,13,-33.1465311500985,-68.4872690737808,
1864,Virginia,21,-30.7395005598703,-61.3401262919996,
1865,San José,14,-27.7699944020142,-55.7803037098363,
1866,San Javier,21,-30.5816675393883,-59.9281005227685,
1867,Puente de Hierro,13,-32.867475517174,-68.6758086811473,
1868,Medrano,13,-33.1810465186863,-68.6149832122588,
1869,La Poma,17,-24.7225641679454,-66.2005817047642,
1870,Balde,19,-33.3410554332317,-66.6216972617722,
1871,Los Baldecitos,18,-30.2215429692094,-67.6953933621521,
1872,Benjamín Gould,6,-33.5874649702842,-62.7281348793285,
1873,San Esteban,2,-35.7315143138008,-61.7422421588753,
1874,Aldea Escolar (Los Rápidos),5,-43.1330196007827,-71.5509828278272,
1875,Balcarce,2,-37.8463826227702,-58.2554911688579,
1876,Arroyo Barú,8,-31.8672898395356,-58.4483085815981,
1877,Colonia Popular,4,-27.2751918731914,-59.1514756922,
1878,Cosquín,6,-31.2436682815352,-64.465348549937,
1879,General Paz,6,-31.1344806428809,-64.1401506243983,
1880,Las Palmeras,21,-30.6302565241446,-61.6258227206526,
1881,Alto Alegre,6,-32.3446887169557,-62.8849135837045,
1882,Helvecia,21,-31.1023583664882,-60.088892156522,
1883,San Guillermo,21,-30.3584540113083,-61.9173192981809,
1884,Coronel Dorrego,2,-38.7187998746166,-61.2883602472107,
1885,Mar de Ajó - San Bernardo,2,-36.6971329328637,-56.6811192522763,
1886,Villa Angela,4,-27.5768775556817,-60.7111256657117,
1887,Neuquén,15,-38.9518288206176,-68.0591813073308,
1888,Nogoyá,8,-32.3989615251678,-59.787695341605,
1889,Gastre,5,-42.2631981301959,-69.2221438043766,
1890,Sauce Arriba,6,-31.9126732261672,-65.1669344809326,
1891,Santo Domingo,21,-31.1204662128969,-60.8879939509265,
1892,Presidencia Roque Sáenz Peña,4,-26.7909717754736,-60.4412483249411,
1893,Dolores,2,-36.3153891841286,-57.6754615550973,
1894,Bordenave,2,-37.8055147094651,-63.0433735782465,
1895,San Antonio,10,-24.3704546755472,-65.3316966194609,
1896,Nueva Plata,2,-35.9186496444174,-61.8135475100609,
1897,Las Heras,20,-46.5413135289238,-68.9322724914313,
1898,San José,3,-28.3904063679704,-65.701711610127,
1899,Las Chacritas,18,-31.5941935190241,-68.4005125289112,
1900,Barrio La Rotonda,17,-25.0826350404702,-65.5376334974606,
1901,Marcelino Ugarte,2,-35.3516198354707,-60.745070287461,
1902,Paso de la Laguna,8,-31.8035204523501,-59.159807934769,
1903,Arroyo Venado,2,-37.0821572185976,-62.5403088035724,
1904,Alto Río Senguer,5,-45.0418822725479,-70.8233836026475,
1905,Valle de Anisacate,6,-31.7299564012913,-64.4202137447352,
1906,Capilla del Monte,6,-30.8568691658209,-64.5263505223853,
1907,Las Catitas,13,-33.2938425582224,-68.0485181749545,
1908,La Cuadra,12,-28.4682454487129,-67.6923081826358,
1909,Perito Moreno,20,-46.5938169680365,-70.9299116754894,
1910,Hipólito Yrigoyen,10,-22.9787325364283,-65.3526601925611,
1911,Presidente Sarmiento,13,-32.9442974383425,-68.8668893529037,
1912,Santa Rita,14,-27.5203237893029,-54.7279076953011,
1913,Colonia Hugues,8,-32.2956986917188,-58.2337080676846,
1914,Médanos,8,-33.4357740479997,-59.0688572962096,
1915,Piñero,21,-33.1091396602734,-60.796112390481,
1916,Las Gramillas,6,-31.1317938211284,-63.2278847286422,
1917,San Antonio de Areco,2,-34.2436381342556,-59.4736523437539,
1918,Sierra Grande,16,-41.6054599449508,-65.3570237719529,
1919,Chañar Punco,3,-26.7245601354379,-66.0760975824739,
1920,Mamuel Choique,16,-41.772465114111,-70.1380708730154,
1921,Arrufo,21,-30.2324174704935,-61.7280214612071,
1922,Díaz,21,-32.3705808222622,-61.0864484149339,
1923,Viale,8,-31.8721090330188,-60.0129512483241,
1924,Patricios,2,-35.4412193660893,-60.7165496192443,
1925,Villa Parodi,14,-26.498904586753,-54.6783012691844,
1926,Pedernales,2,-35.2623626567541,-59.6306762449241,
1927,Macachín,11,-37.1369791302669,-63.6667388462847,
1928,Salicas,12,-28.3759375312544,-67.0706516745597,
1929,El Zanjón,22,-27.870955309887,-64.2431970948569,
1930,La Chispa,21,-33.5442045583921,-61.974064050285,
1931,Frías,22,-28.6375441857012,-65.1287283523686,
1932,Barrio El Milagro,10,-24.4634441973402,-65.1192041014291,
1933,Mi Valle,6,-31.5844899986475,-64.356257424977,
1934,Chamical,12,-30.3594398835443,-66.3126582781318,
1935,Palca de Varas,10,-23.1003251778225,-65.1103078369976,
1936,Sachayoj,22,-26.6754072538903,-61.8150443653887,
1937,Punta de los Llanos,12,-30.1544114783832,-66.5467379434584,
1938,Estación Tacañitas,22,-28.6265382897834,-62.6069180700138,
1939,Guerrico,2,-33.6761292533535,-60.4001651448795,
1940,Villa Saralegui,21,-30.5408409369612,-60.7467789752981,
1941,Cachirulo,11,-36.7473961516096,-64.3673907018325,
1942,Libertad,22,-27.0848928824256,-63.0708840749546,
1943,Santa Rosa,7,-28.2672789123962,-58.122724375144,
1944,San Bernardo,2,-36.6867920285586,-56.6790608712811,
1945,Oncativo,6,-31.9134321040175,-63.6820214046002,
1946,Laguna Blanca,16,-40.722024053459,-69.8416958969356,
1947,Altamirano Sur,8,-32.0877800983375,-59.1747316014494,
1948,Puerto Yeruá,8,-31.5313584976824,-58.0151827052007,
1949,Uspallata,13,-32.5911328492886,-69.3478325007629,
1950,Winifreda,11,-36.2274656752379,-64.2335073428745,
1951,Estación Arenales,2,-34.2708851260597,-61.2936216739099,
1952,Lumbreras,17,-25.2102719965409,-64.9270459009988,
1953,Rolón,11,-37.1665794947261,-63.415025085628,
1954,Capitán General Bernardo O'Higgins,6,-33.2482565790199,-62.2688345888296,
1955,Ramos Otero,2,-37.5408949196846,-58.3406051189223,
1956,Ex Ingenio San José,24,-26.8026057230127,-65.2679320128139,
1957,Punta Indio,2,-35.2685627801267,-57.2474704888542,
1958,Barrio Frontera,16,-39.0742722730058,-67.7058001231834,
1959,Capioviciño,14,-26.891713188139,-55.07223995857,
1960,El Jardín,17,-26.0795683976378,-65.3930915193853,
1961,Salsipuedes,6,-31.13788084948,-64.2927724360505,
1962,Maquito,22,-27.8828596530832,-64.2088186978092,
1963,Pueblo San Jorge,2,-37.2288613554394,-60.9610423415769,
1964,Casa de Piedra,3,-26.8166192033332,-66.0794962394573,
1965,Renca,19,-32.7715913314716,-65.3644688346809,
1966,Barrio Mar del Plata,16,-39.089348457068,-67.6729446575252,
1967,Rodríguez Peña,13,-33.1204426186256,-68.5951625639971,
1968,La Majada,3,-29.0291660768967,-65.5467246141158,
1969,Barrio Carrasco,13,-33.8311067353464,-69.0488590844836,
1970,Cadret,2,-35.7715500957092,-61.3357772405074,
1971,Barrio Porvenir,16,-39.0445559112221,-67.4569473106559,
1972,Barrio Jesús de Nazaret,13,-33.0095657296522,-68.716108548455,
1973,Eufrasio Loza,6,-29.9247382174977,-63.5908148033366,
1974,Pueblo Doyle,2,-33.9018137920889,-59.8190040146191,
1975,Las Bajadas,6,-32.0961591386739,-64.3300742912544,
1976,Obligado,2,-33.5968120004883,-59.8176936406853,
1977,Tapso,3,-28.4048578902701,-65.1027307876137,
1978,9 de Julio Kilómetro 28,14,-26.4302805288504,-54.4664724264768,
1979,El Cadillal,24,-26.6318661540805,-65.2071062147451,
1980,Salicas - San Blas,12,-28.3738411477769,-67.0706084175183,
1981,Las Tapias,6,-31.9530536443256,-65.0979661107353,
1982,Profundidad,14,-27.5617193816031,-55.7045653968785,
1983,La Sabana,4,-27.8714507883577,-59.9368592217998,
1984,Alba Posse,14,-27.5689511294388,-54.6830406275671,
1985,Gato Colorado,21,-28.0223897190306,-61.1865821797417,
1986,Los Miches,15,-37.2054440051563,-70.8192231954535,
1987,Idiazabal,6,-32.81253601931,-63.0323971040661,
1988,Pueblo Liebig's,8,-32.1541902049407,-58.1920788918591,
1989,Coronel Moldes,6,-33.6227285213653,-64.5970481396538,
1990,Saldán,6,-31.3153062144915,-64.3035286821267,
1991,Belén,3,-27.649529254029,-67.0263166064703,
1992,Estación Clucellas,21,-31.5241082220733,-61.7183551326224,
1993,Sagrada Familia,6,-31.2893272904957,-63.4454333541882,
1994,Balneario Orense,2,-38.807442643306,-59.7374821959604,
1995,Oriente,2,-38.7443987891097,-60.6093625770066,
1996,Cacharí,2,-36.3766730053896,-59.5046042167331,
1997,El Acheral,10,-24.4031552236359,-64.8006341939824,
1998,Yavi,10,-22.1317190074175,-65.4613403371105,
1999,Helvecia,14,-27.1097342966114,-55.3444584490473,
2000,Coronel Suárez,2,-37.4585289177802,-61.9328938312418,
2001,Pueblo Italiano,6,-33.8824106848417,-62.8405016624211,
2002,Villa Fournier,2,-35.4989206034073,-60.8749637021148,
2003,Va.Ciudad Pque.Los Reartes (1° Sección),6,-31.9142481412202,-64.5259122990344,
2004,Villa Aberastain,18,-31.6538304185602,-68.5759955169046,
2005,Huillapima,3,-28.7260731000394,-65.9787475665555,
2006,El Perdido,2,-38.6772596586861,-61.0861791676287,
2007,Laguna Yema,9,-24.2555246294578,-61.2419851105011,
2008,Villa Mercedes,18,-30.1083743833509,-68.7032002577732,
2009,Colonia Victoria,14,-26.3336870242994,-54.6246096255617,
2010,Tacuarendí,21,-28.417846866381,-59.2572259918044,
2011,Abra Grande,22,-27.2901647703583,-64.3781755909206,
2012,Hickman,17,-23.2124518011529,-63.5666066249713,
2013,Moisés Ville,21,-30.715584856026,-61.4695077989661,
2014,María Luisa,21,-31.0108438391605,-60.9107615775877,
2015,Dos Acequias,18,-31.4948565471569,-68.4168192057974,
2016,Barrio San Felipe,24,-26.8721049974943,-65.2324535308105,
2017,Estación Libertad,7,-30.0132954607257,-57.859334503744,
2018,Estancia Vieja,6,-31.3820274335749,-64.5314218605319,
2019,Bouwer,6,-31.5581326994395,-64.1906902565745,
2020,Vinalito,10,-23.6679185621684,-64.4136601101789,
2021,Makallé,4,-27.2057849207571,-59.2870860955885,
2022,Hocker,8,-32.0883131178827,-58.3394885068103,
2023,Villa San Lorenzo,17,-24.7312298797803,-65.4863144091632,
2024,Pareditas,13,-33.9425497239841,-69.0785450510926,
2025,Concepción,24,-27.3459204394834,-65.5927483028015,
2026,Roberto J. Payró,2,-35.1810553376453,-57.6535442867835,
2027,El Pingo,8,-31.5829676043156,-59.8908482978195,
2028,Caá - Yarí,14,-27.4848753058028,-55.2989609617802,
2029,San José,8,-32.2084950261875,-58.2186724884732,
2030,Felicia,21,-31.2445463733771,-61.2121864965225,
2031,Chacabuco,2,-34.6420259859288,-60.4712365314463,
2032,Clodomira,22,-27.5805642853857,-64.1352255769305,
2033,Fortín Sargento 1º Leyes,9,-24.5541117903083,-59.3851162050619,
2034,Quemú Quemú,11,-36.0548269805947,-63.5659401087111,
2035,El Caín,16,-41.6673609820627,-68.1613128686252,
2036,Leandro N. Alem,14,-27.6037316512863,-55.3236193379634,
2037,Moquehue,15,-38.9421192321447,-71.3290119506701,
2038,Carmen de Areco,2,-34.3766620785956,-59.8226965330084,
2039,Tres Capones,14,-28.0042531114421,-55.6094041493467,
2040,Juan Anchorena,2,-33.9243095039946,-60.3828396641755,
2041,Guiñazú Norte,6,-31.3077339671772,-64.1754423747112,
2042,Ciudad de Godoy Cruz,13,-32.9296479324612,-68.8449315082795,
2043,Guardia Mitre,16,-40.4257188413796,-63.6722545155244,
2044,Rafael Obligado,2,-34.3596457098675,-60.7837899544284,
2045,Villa Elisa,8,-32.1632187428976,-58.4005315762751,
2046,San Mauricio,2,-35.5107731942751,-63.1882852945036,
2047,Lozada,6,-31.6496781195891,-64.0897044455739,
2048,San Sebastián,2,-34.942976618687,-59.702161747242,
2049,Puerto Libertad,14,-25.9214681520576,-54.5843176057696,
2050,Victorica,11,-36.2165368686585,-65.4370864153489,
2051,El Cóndor,10,-22.3883194119765,-65.3379898484267,
2052,Pedernal,8,-31.6719730693954,-58.2305813565411,
2053,Gowland,2,-34.6541422585061,-59.3547599003132,
2054,Caleta Olivares,5,-45.7751581811535,-67.3888489022003,
2055,El Galpón,17,-25.3806251856124,-64.6516192543826,
2056,El Cerrito,3,-26.6719152173714,-66.0607916411274,
2057,Carmensa,13,-35.1480810298595,-67.6552749669987,
2058,Las Jarillas,6,-31.5174192341833,-64.5341843067071,
2059,Villa Cooperativa,14,-25.9441957737229,-54.5449410673016,
2060,Tres Arroyos,2,-38.3771966957834,-60.2752150703536,
2061,Tapalqué,2,-36.3562359765733,-60.0251124032041,
2062,Barrio Belgrano Norte,13,-33.3307856688247,-69.1261640831275,
2063,Villa Berna,6,-31.9110000435133,-64.7263436829673,
2064,Las Lagunas,18,-32.0441493468729,-68.3679604563378,
2065,Villa Independencia,18,-31.6245830193381,-68.3139254690866,
2066,Colonia Polana,14,-26.98199339199,-55.3182255547661,
2067,Luyaba,6,-32.149721185195,-65.0584825688048,
2068,El Salto,14,-27.4951949137245,-55.1987279548598,
2069,Villa Córdoba,7,-28.9916565448754,-59.0751889970417,
2070,San Gerónimo,6,-31.3441844922836,-64.9190482748753,
2071,Merlo,1,-34.7110032783081,-58.7419584139763,
2072,Barda del Medio,16,-38.7256354253736,-68.1558950224181,
2073,Chapadmalal,2,-38.1709491592213,-57.6397712672908,
2074,Barrio Mitre,21,-33.2517230130873,-60.3888354800097,
2075,Paraje La Virgen,8,-31.9166385582342,-60.6536092352755,
2076,Villa San Isidro,16,-38.7066953758787,-68.173093820289,
2077,Barrio El Nevado,13,-34.7881368521339,-67.9799976205166,
2078,Villa Sanagasta,12,-29.2822814686443,-67.0209471680024,
2079,Olascoaga,2,-35.2373944024438,-60.6110729787317,
2080,Barrio La Defensa,16,-39.0311244914853,-67.3872959884555,
2081,Villa La Arcadia,2,-38.1370301308605,-61.787362810254,
2082,Barrio Canale,16,-39.0688510130191,-67.6385494606629,
2083,Maimará,10,-23.6245410340817,-65.408815861657,
2084,Cañada Seca,2,-34.4168172583702,-62.9608357613973,
2085,Palmira,13,-33.0505033699186,-68.5609120309006,
2086,General Las Heras,1,-34.9094243780878,-58.9954466211925,
2087,Paraje Arroyón (Bajo San Cayetano),16,-38.7264589248251,-68.0411666177684,
2088,Puerto Las Cuevas,8,-32.3287076899508,-60.4865011802982,
2089,La Rubia,21,-30.1102872894237,-61.793504117004,
2090,Los Tigres,22,-25.9092116973326,-62.591202458966,
2091,Claraz,2,-37.8934304125645,-59.2910695639294,
2092,Carlos Pellegrini,21,-32.0504517884543,-61.782730950908,
2093,Va.Ciudad Pque.Los Reartes (3° Sección),6,-31.904934350576,-64.5613666819537,
2094,Santa Sylvina,4,-27.8316109768351,-61.1360003686102,
2095,Santos Lugares,22,-26.6905981377104,-63.559210449885,
2096,Treneta,16,-41.1743562364152,-66.994598340417,
2097,Villa Margarita,2,-37.4613536392238,-63.2421735240119,
2098,Juan José Castelli,4,-25.9465789293466,-60.6200670449467,
2099,San Isidro,1,-34.4868929544338,-58.5372090766753,
2100,Churqui Cañada,6,-30.1737408069739,-63.9268908868775,
2101,Colonia San José,10,-23.3937973544612,-65.3452136931126,
2102,Villa Reducción,6,-33.2031138079518,-63.8626455259537,
2103,Florentino Ameghino,2,-34.8453724214234,-62.4671568420394,
2104,Arteaga,21,-33.0926816599494,-61.7920112335548,
2105,Esquina,7,-30.0146070645803,-59.5295187353223,
2106,Villa Corazón de María,6,-31.4439913534172,-63.9957647638948,
2107,Maggiolo,21,-33.7210982111063,-62.2462478280245,
2108,Las Chacras,19,-33.2671640831953,-66.2362275881388,
2109,Charbonier,6,-30.7749790578338,-64.5441693337156,
2110,Villa de Soto,6,-30.8552312644894,-64.9848914395855,
2111,Aldea San Juan,8,-32.6959583134931,-58.7717519658529,
2112,Humboldt,21,-31.4008584245866,-61.0822981722449,
2113,El Manzano,6,-31.0842308391148,-64.2986976601044,
2114,Lonquimay,11,-36.4664079334238,-63.6236145467141,
2115,Barrio El Casal,2,-37.8315957271005,-57.6221111182623,
2116,Santa Ana,10,-23.3559990045057,-64.9891552627791,
2117,Villa de la Quebrada,19,-33.0160211646613,-66.2880566491104,
2118,Villa Minetti,21,-28.6229612219036,-61.6267634944818,
2119,El Bordo,17,-24.6598844220434,-65.1064706284169,
2120,Coronel Baigorria,6,-32.8474045290245,-64.3610770121251,
2121,Saujil,3,-27.5708732149937,-67.6219942104501,
2122,Mburucuyá,7,-28.0468575823017,-58.2303056698416,
2123,Profesor Salvador Mazza,17,-22.0516570030053,-63.6918927739648,
2124,Malena,6,-33.4904055824832,-64.4308786537682,
2125,El Tropezón,13,-34.6839084352162,-68.2778978002988,
2126,Lavaisse,19,-33.8228409250985,-65.4264919145301,
2127,Junín,2,-34.5939417428353,-60.9464309692372,
2128,Arroyo Seco,21,-33.1581385210504,-60.5119382186795,
2129,Pilquiniyeu,16,-41.8317492600181,-68.3512581772267,
2130,Pueblo Libertador,7,-30.2201057337039,-59.3897582084609,
2131,Cruz del Eje,6,-30.7439287854916,-64.7907762625898,
2132,Gualeguaychú,8,-33.0077976973495,-58.5107700863228,
2133,San Lucas,10,-24.2684416483448,-64.8647535065899,
2134,Villa Domínguez,8,-31.9862888949547,-58.9615328469183,
2135,Alderetes,24,-26.8178736293748,-65.1420185935541,
2136,El Paraíso,2,-33.5704240216028,-59.9780284218687,
2137,Malanzán,12,-30.80467054749,-66.6042342522778,
2138,Bella Italia,21,-31.2832080414374,-61.4092577770354,
2139,Loma Alta,21,-31.9619571202998,-61.1767113208379,
2140,San Martín I,9,-24.532466119921,-59.9021205923939,
2141,Aldea San Juan,8,-31.9967195611947,-60.3581603581635,
2142,Carmen,21,-33.7303394132758,-61.7622696013833,
2143,La Limpia,2,-35.0800960334474,-60.5911917698263,
2144,Capitán Montoya,13,-34.5823082025568,-68.4576001438883,
2145,San Francisco del Chañar,6,-29.7863529092312,-63.9416977616648,
2146,El Vergel,13,-32.7588052875084,-68.6341118890224,
2147,General Pirán,2,-37.2759738583428,-57.7741966376361,
2148,Octavio Pico,15,-37.5896262003336,-68.258276272983,
2149,Barrio La Gloria,2,-37.9332671924047,-57.7755600822281,
2150,Jocolí,13,-32.5871241971987,-68.6686789207204,
2151,Potrerillo,19,-32.6755589430921,-65.6497483616018,
2152,Las Lajas,3,-27.8381591887716,-65.7294653565801,
2153,San Pedro,22,-26.7436197382704,-64.391226926578,
2154,Los Cipreses,5,-43.1833583618938,-71.6416035359141,
2155,Orense,2,-38.6882731254542,-59.7806914448039,
2156,La Granja,6,-31.0086241638688,-64.2678934275508,
2157,Emilia,21,-31.0590191161974,-60.7449082069823,
2158,San Carlos,17,-25.8931666483173,-65.9290576404045,
2159,Bajo Caracoles,20,-47.4431725014508,-70.9268826726691,
2160,Esperanza,21,-31.4488900966564,-60.9301528760774,
2161,Villa Adelina,21,-31.7210301786451,-60.8015887552447,
2162,Estación Camps,8,-32.1125162364785,-60.2272889217605,
2163,La Rinconada,6,-30.1840040500828,-62.9456689848744,
2164,General Roca,16,-39.031513068627,-67.5779901574242,
2165,Arroyo Ceibal,21,-28.7230812436559,-59.4776976866332,
2166,Juárez Celman,6,-31.2580420120475,-64.1662430936329,
2167,Villa Padre Monti,24,-26.5105349312037,-64.994619007927,
2168,Palo Seco,3,-26.8092749554447,-66.0746154327429,
2169,El Manantial,24,-26.8462142271337,-65.2793442506857,
2170,Sumalao,3,-28.4749648388181,-65.737589732477,
2171,Allen,16,-38.9795106570665,-67.8280213981642,
2172,Carolina,7,-29.1502771335216,-59.1817933807415,
2173,Barrio El Maruchito,16,-38.9962824951285,-67.761806412236,
2174,Pozo Hondo,22,-27.1670653565919,-64.4907628147839,
2175,La Delfina,2,-34.9432556421346,-61.1586608696719,
2176,La Puntilla,3,-27.6850168444643,-66.9936621115587,
2177,Sumampa Viejo,22,-29.385103821086,-63.4342936114385,
2178,Río Ceballos,6,-31.1697501304772,-64.3175041693725,
2179,El Sauce,15,-39.4798147468487,-69.5311486475001,
2180,General San Martín,11,-37.9788814738432,-63.6034930057397,
2181,Pampa del Indio,4,-26.0490249999348,-59.9427535812383,
2182,Estación Puiggari,8,-32.0558292988722,-60.4468862677802,
2183,Las Talas - Los Médanos,18,-31.5967860975466,-68.2751787875338,
2184,Impira,6,-31.7984738110307,-63.6500834674981,
2185,Gramilla,22,-27.2966305499754,-64.6102809492155,
2186,Bajo Carrizal,12,-28.8880640961243,-67.5641329966256,
2187,Santa Elena,8,-30.9444600016756,-59.7891212913891,
2188,Coronel Arnold,21,-33.106020935608,-60.9668096936994,
2189,Embarcación,17,-23.2077625709462,-64.0949438566909,
2190,4ta Sección,13,-32.8694721188293,-68.8382664690677,
2191,San Salvador,8,-31.6249608786519,-58.5050320059527,
2192,Los Berros,18,-31.952830718093,-68.6541474693073,
2193,Villa San José,2,-34.0916679309077,-60.4135037959232,
2194,Manfredi,6,-31.8457573204536,-63.7475580132549,
2195,Monteros,24,-27.1652871396868,-65.4972182882035,
2196,San Antonio de Arredondo,6,-31.4827918792713,-64.5278104812233,
2197,Aldea Epulef,5,-43.3208227444691,-69.6922931611261,
2198,San Severo,6,-33.5386536303112,-63.0474746093608,
2199,Villa Grisolía,2,-35.1099999752396,-60.0702181834916,
2200,Panambí Kilómetro 8,14,-27.668501220684,-54.9826786595937,
2201,Cañada de Machado,6,-31.4297203867713,-63.5877259163344,
2202,Caminiaga,6,-30.0674801596128,-64.0507018106629,
2203,Cruz Alta,6,-33.0083997293961,-61.8057792803375,
2204,San Gotardo,14,-26.9237317461793,-55.1237542874982,
2205,Ensenada,1,-34.8421497421871,-57.9791090925591,
2206,Colonia Crespo,8,-31.68288121994,-60.2310818879375,
2207,General Pizarro,17,-24.2275086114635,-63.9885590458909,
2208,Catriló,11,-36.4066777741887,-63.4233370953164,
2209,Las Vegas,13,-33.014749232083,-69.2722452606434,
2210,Los Surgentes,6,-32.9852692707788,-62.0218743100721,
2211,De Bary,2,-36.3405018944918,-63.2596740754861,
2212,Los Nogales,10,-24.1169028293777,-65.4033777204213,
2213,Ramón J. Cárcano,6,-32.4911575316971,-63.1042336348796,
2214,10ma Sección,13,-32.8707883642031,-68.8917517972674,
2215,Perico,10,-24.3760472614724,-65.1180857786039,
2216,Emilio Ayarza,2,-34.7437279405372,-60.0391004326896,
2217,Los Charrúas,8,-31.1694300520192,-58.1855405012526,
2218,Santa Margarita,21,-28.3138236506456,-61.5487543282334,
2219,Reconquista,21,-29.1445173299237,-59.6435478986104,
2220,Las Bayas,16,-41.4560796050807,-70.6693326642513,
2221,Formosa,9,-26.185008983147,-58.1748964834654,
2222,Villa Rodríguez,2,-38.312396365424,-60.231646702531,
2223,Villa Larca,19,-32.6174440906146,-64.9814612265761,
2224,San Bernardo,2,-35.7149184194011,-61.6499689641487,
2225,Santa Elena,6,-30.1157068581505,-63.8429027103488,
2226,Kilómetro 5 - Presidente Ortíz,5,-45.8142153386233,-67.4559985151347,
2227,Ingeniero Gustavo André,13,-32.6794596693312,-68.317058464518,
2228,Mbopicuá,14,-26.8638507233861,-55.0451619807519,
2229,Oberá,14,-27.4867909555976,-55.1200569831231,
2230,Corral de Bustos,6,-33.2830928544683,-62.1865429174032,
2231,Las Parejas,21,-32.6829498578191,-61.5224490163267,
2232,Machagai,4,-26.9261347606326,-60.0484194117374,
2233,Huerta Grande,6,-31.0752894665762,-64.4908280142166,
2234,San Antonio de Obligado,21,-28.3842534518135,-59.2643877245439,
2235,General Guido,2,-36.6431665880464,-57.7905023945179,
2236,Campo Andino,21,-31.2390549183719,-60.5298070316869,
2237,Dos de Mayo Núcleo I,14,-27.0221009167187,-54.6856072222935,
2238,Cabra Corral,17,-25.2706433183492,-65.332758126793,
2239,Sargento Vidal,16,-38.6863741230316,-68.1586143038437,
2240,Rancagua,2,-34.0297933472989,-60.5028154647208,
2241,Villa San Esteban,6,-31.6337754075095,-62.8970662250995,
2242,Desaguadero,19,-33.4060088716178,-67.14939943881,
2243,Villa Riccio,2,-33.3643570702242,-60.2947075669285,
2244,Socavones,6,-31.5330469512108,-64.1435082348381,
2245,Nueva Francia,22,-28.1737647701175,-64.1999830235659,
2246,Santa Elena,2,-37.8636154583608,-57.5171498429115,
2247,Pilar,6,-31.6812652365216,-63.8823958396944,
2248,General Baldissera,6,-33.1220805916617,-62.3028841678808,
2249,Castellanos,21,-31.2088593703458,-61.7242311672893,
2250,Garruchos,7,-28.1737410217252,-55.6506443276322,
2251,Padre Lozano,17,-23.2184391133373,-63.844126508787,
2252,Diadema Argentina,5,-45.7749647846989,-67.674774138225,
2253,Malvinas Argentinas,1,-34.4873113444584,-58.712137241603,
2254,Yavi Chico,10,-22.0989395432852,-65.4592014399552,
2255,Yatayti Calle,7,-29.0283125663823,-58.912232686265,
2256,Puerta de San José,3,-27.5480304255999,-67.0052405381637,
2257,Hersilia,21,-30.0039445489392,-61.8391492625401,
2258,Laboulaye,6,-34.1286322353031,-63.3907017059902,
2259,Salto Andersen,16,-38.8239990547776,-64.8207309356755,
2260,Cabal,21,-31.1039907528184,-60.7271518449152,
2261,Calchaquí,21,-29.8880092948258,-60.283116145806,
2262,El Chorrillo,19,-33.2904470528437,-66.265531650787,
2263,La Cabral,21,-30.0868012011416,-61.1783339619544,
2264,Bernasconi,11,-37.9022526201872,-63.742953580131,
2265,Campo Ramón,14,-27.4542687586517,-55.022947769629,
2266,Tusaquillas,10,-23.1892910063269,-65.9875140435942,
2267,La Cruz,6,-32.3031135977611,-64.4830414426673,
2268,Yala Laubat,5,-42.7591451208137,-68.8675523265047,
2269,Santa Clara del Mar,2,-37.8374444618433,-57.5019980900645,
2270,Villa Berthet,4,-27.2853226966707,-60.4159744929923,
2271,Barrio Rodríguez Peña,5,-45.8107675422503,-67.4746310006426,
2272,La Criolla,21,-30.2236712000618,-60.3636042782129,
2273,Casa de Piedra,11,-38.1545525945666,-67.152497411086,
2274,El Rincón,18,-31.6701306073377,-68.3173058058923,
2275,Colonia La Argentina,8,-31.0740770229662,-58.0260216531353,
2276,Trelew,5,-43.2531867505795,-65.3093805893395,
2277,Capilla de los Remedios,6,-31.4305558847437,-63.832425211005,
2278,Estación Mazán,12,-28.6777024185527,-66.4909260590382,
2279,Jacipunco,3,-27.2424350684305,-67.0083508704177,
2280,Casira,10,-21.977680937634,-65.8960595231713,
2281,Mesón de Fierro,4,-27.4298125750248,-61.0170993552243,
2282,San Eduardo,21,-33.8712462134573,-62.0889258795741,
2283,San José de la Esquina,21,-33.1122799042506,-61.7026631156616,
2284,San Vicente,6,-31.8505569701892,-65.4294743566709,
2285,Villa Parque Santa Ana,6,-31.5921586885257,-64.3524357073455,
2286,El Sauzal,22,-27.4883950430594,-64.5820256729195,
2287,Chilecito,12,-29.162385830377,-67.4993074296546,
2288,Matilde,21,-31.7915781038709,-60.9799453959542,
2289,La Hoyada,3,-26.5436185550006,-66.362164827432,
2290,Napaleofú,2,-37.6230706699026,-58.7463685072656,
2291,La Para,6,-30.8941305312153,-63.0013963030968,
2292,Colonia Prosperidad,6,-31.628704305652,-62.3653398615241,
2293,González Moreno,2,-35.5552866415641,-63.3802912122609,
2294,Pasteur,2,-35.1413585077426,-62.2441588014858,
2295,Talita,19,-32.2489523569696,-65.5832382343239,
2296,La Sofía,2,-35.6993607609288,-61.1694384949499,
2297,Yahapé,7,-27.371446097571,-57.6550373547485,
2298,Garibaldi,21,-31.649452584686,-61.8058678446262,
2299,Norumbega,2,-35.5351190598706,-60.7943911921044,
2300,Constanza,21,-30.663518100057,-61.3197338176105,
2301,Villa Huidobro,6,-34.8405206144244,-64.5871000246117,
2302,Colonia Ana,21,-30.1437487051909,-61.9136925511771,
2303,Caseros Centro,6,-31.5310992033636,-64.1600143581059,
2304,Ancaján,22,-28.4438934389945,-64.9294023509419,
2305,Necochea,2,-38.5712233301397,-58.7262420207665,
2306,Garupá,14,-27.4837771073615,-55.8297016552887,
2307,Vilelas,22,-27.9612197852104,-62.6089381971909,
2308,Pila,2,-36.0041852414953,-58.141067696489,
2309,Los Corrales,3,-28.4934051284671,-65.3251810160843,
2310,Villa General Güemes,9,-24.7557833049493,-59.4885100600913,
2311,Saladillo,19,-33.2024715279353,-65.8553237567561,
2312,Ramírez de Velazco,22,-29.2309523254859,-63.4742542795496,
2313,Viña,2,-33.9923791495617,-60.226418356914,
2314,Mar del Sur,2,-38.3436564818437,-57.9922085405886,
2315,Colonia San Ricardo,2,-34.416282596243,-61.929234590371,
2316,Misión Chaqueña,17,-23.2622474523113,-63.7392865616573,
2317,Paso del Sapo,5,-42.7351158725925,-69.6081536894308,
2318,Coquimbito,13,-32.9709296458884,-68.7567309374964,
2319,Blaquier,2,-34.6361633101714,-62.4777700486682,
2320,Villa Aberastain - La Rinconada,18,-31.6580425701643,-68.5794134313953,
2321,Alicia,6,-31.9388472282911,-62.4642457689622,
2322,El Chaltén,20,-49.3328246557123,-72.8859114198951,
2323,La Nueva Donosa,22,-27.4421790702051,-64.9461088227126,
2324,Pueblo Brugo,8,-31.3873290930984,-60.0918141248688,
2325,San Eugenio,21,-32.0761717565379,-61.1157987861191,
2326,Puán,2,-37.5480950158685,-62.7683364676841,
2327,El Pensamiento,2,-38.2164777887394,-61.3148888421413,
2328,Quimili,22,-27.6446862479497,-62.4173701973287,
2329,Luis Burela,17,-24.3886517618513,-63.9878609304749,
2330,La Caleta,2,-37.7826448217598,-57.4598549284262,
2331,Ceballos,11,-35.2907850630244,-63.7769872104681,
2332,El Pueblito,6,-31.1061995831956,-64.292290098635,
2333,Copo Quile,17,-26.0112648593911,-64.6711512524288,
2334,Landeta,21,-32.0127540707308,-62.0622809895362,
2335,La Rica,2,-34.9730896262373,-59.8614129802492,
2336,Nono,6,-31.7972046987647,-65.0024987775972,
2337,Villa Regina,16,-39.0945575983673,-67.0823954434488,
2338,Sir Leonard,8,-31.3889211506789,-59.5010619355657,
2339,San Miguel,3,-28.1400948610386,-66.2025536295595,
2340,Huacalera,10,-23.4390388970502,-65.3500113272314,
2341,Lagunillas de Farallón,10,-22.4621452480052,-66.6279675861741,
2342,Buen Pasto,5,-45.0761333499749,-69.4588985693576,
2343,General Arenales,2,-34.3033240029118,-61.3070338888986,
2344,José C. Paz,1,-34.5118531627172,-58.7776345982889,
2345,Santa Ana de la Puna,10,-23.1262104106815,-66.0531666553917,
2346,Las Delicias,22,-26.6769144866499,-64.0058966752275,
2347,Pueblo Marini,21,-31.0387256645064,-61.8893820195361,
2348,Los Varela,3,-27.931468298321,-65.872020638836,
2349,Molino Doll,8,-32.3068249744527,-60.423089442856,
2350,Bragado,2,-35.115566278564,-60.4896499896216,
2351,Río Segundo,6,-31.6501527589151,-63.9118628433508,
2352,Río Seco,24,-27.268401179539,-65.5573539551945,
2353,Tandil,2,-37.3286954825526,-59.1368975569569,
2354,Tartagal,21,-28.6710544649968,-59.8480856379029,
2355,Colonia San Pedro,6,-30.7830908239828,-61.9179292375864,
2356,Averías,22,-28.7476147114581,-62.4507013857217,
2357,Centeno,21,-32.2960243001285,-61.4072475691359,
2358,General Roca,6,-32.7308774807212,-61.9158266714317,
2359,Colonia Vicente Agüero,6,-31.028521686159,-64.0186827925075,
2360,Los Telares,22,-28.9850752344204,-63.4503997067801,
2361,Puerto Andresito,14,-25.5962144012714,-54.0024142431872,
2362,Rosario,21,-32.9472133838031,-60.6331755763544,
2363,Alijilán,3,-28.1793924720551,-65.4953879475228,
2364,Doctor Ricardo Rojas,5,-45.5756640605724,-71.0350530145017,
2365,Santa Clara,12,-29.561280919834,-68.5330542580943,
2366,Monte Maíz,6,-33.2042451173008,-62.6004830854431,
2367,Aldea Brasilera,8,-31.8898331706717,-60.5907932653543,
2368,Ingeniero Jacobacci,16,-41.3305981447636,-69.5470636210157,
2369,Añelo,15,-38.3542558992197,-68.7875430769173,
2370,Mencué,16,-40.4236413174781,-69.6145274110286,
2371,La Constancia,2,-37.2263465989733,-58.7601044130598,
2372,Los Toldos,2,-34.9999708295541,-61.0387400078081,
2373,Iglesia,18,-30.411056912084,-69.2237020815051,
2374,Ambul,6,-31.4905410001863,-65.0539521564899,
2375,Barrio María Auxiliadora,13,-33.2439453276399,-68.1735579571758,
2376,La Misión,17,-23.3733127893416,-64.4298267661685,
2377,Singuil,3,-27.8043079928106,-65.8711982539321,
2378,Gran Guardia,9,-25.8627622718519,-58.8857285955134,
2379,Agua Escondida,13,-36.1549253655662,-68.3008488180603,
2380,Italó,6,-34.7908061221694,-63.7803573874566,
2381,Villa Unión,22,-29.4136229676908,-62.7904039278884,
2382,Pergamino,2,-33.8911091446081,-60.5745861929678,
2383,Paraje San Manuel,21,-28.8736092974744,-59.8659812590545,
2384,Los Zorros,6,-32.0449728043823,-63.202240246887,
2385,La Florida,19,-33.1167316434287,-66.0034528034127,
2386,Pinchas,12,-28.9347867145633,-66.9611681064697,
2387,Pueblo Viejo,17,-22.8362080127934,-65.2155381304384,
2388,Fiambalá,3,-27.689455422133,-67.6191480212882,
2389,San Francisco de Bellocq,2,-38.6895363914284,-60.0139361893588,
2390,San José,6,-31.9565012680285,-65.311804300483,
2391,Lapachito,4,-27.1593324979119,-59.3854154416988,
2392,Estancia de Guadalupe,6,-31.1300757365706,-65.2159754678766,
2393,Maciá,8,-32.1746842191822,-59.3979704528443,
2394,Alicia Baja,14,-27.4394008738681,-54.3537093089714,
2395,Maipú,13,-32.9846197818192,-68.7882090175496,
2396,Ingeniero Miguel Sajaroff,8,-31.9568859928899,-58.8494887790939,
2397,Tellier,20,-47.6490308254007,-66.0400432765073,
2398,Villa General Manuel Belgrano,9,-24.938533856391,-59.0263892935379,
2399,Santo Tomé,7,-28.5498158069218,-56.0348110765932,
2400,Kilómetro 8 - Don Bosco,5,-45.7892312978457,-67.4312389596103,
2401,San Roque,19,-33.2694024344067,-66.2266554796377,
2402,Santa Luisa,2,-37.1256598041934,-60.4164510128605,
2403,Santo Tomé,21,-31.6630187544955,-60.7617223055433,
2404,Aguaray,17,-22.2448726575794,-63.7353344088724,
2405,Pampa de los Guanacos,22,-26.2301822791892,-61.8364741209742,
2406,Federación,8,-30.9902627352677,-57.9177623238373,
2407,Barrio San Cayetano,13,-33.6334742863703,-69.1797078737756,
2408,Desaguadero,13,-33.4025386626013,-67.1554997063826,
2409,Crotto,2,-36.5763630801619,-60.1722007620684,
2410,Irigoyen,21,-32.158147325032,-61.1102298513194,
2411,Lamadrid,24,-27.6450650550248,-65.2468503244712,
2412,Piedritas,2,-34.7672163204812,-62.9859202104131,
2413,Puerto Vilelas,4,-27.5108391447737,-58.9417159117382,
2414,Villa Santa Rosa,18,-31.7448177711736,-68.3142910795148,
2415,Colonia Médici,21,-32.5975464245976,-61.3779651267946,
2416,Barrio Aeropuerto,24,-26.8499130983387,-65.1290403440326,
2417,Villa Sefair,18,-31.4424608153609,-68.4439619164403,
2418,Gran China,18,-30.1203584601818,-68.7281877169244,
2419,Lucila del Mar,2,-36.6601549623962,-56.6824598231567,
2420,Las Toscas,2,-35.3645809214186,-61.80555020293,
2421,Amadores,3,-28.2625721317543,-65.6373471946803,
2422,San Pedro de Colalao,24,-26.2349608479324,-65.4947657680462,
2423,Stroeder,2,-40.1858292011627,-62.6202476591912,
2424,Villa Río Icho Cruz,6,-31.4826750286686,-64.5647262933493,
2425,Enrique Urien,4,-27.5566723947607,-60.5269673722272,
2426,Villa Ocampo,21,-28.4867726127175,-59.3547473252942,
2427,Gutemberg,6,-29.7208999948053,-63.5151526051883,
2428,Palca de Aparzo,10,-23.1224057639894,-65.1347058885582,
2429,Los Sarmientos,12,-29.1509299523349,-67.4824676820837,
2430,Fuerte Quemado,3,-26.6268388161284,-66.0484859395161,
2431,Morales,22,-27.6761491649298,-64.3653850950791,
2432,Rodeo del Medio,13,-32.9948684303252,-68.6859659559504,
2433,Dos de Mayo Núcleo II,14,-27.0318614590439,-54.6649126897402,
2434,Cañada Escobar,22,-27.7084972196997,-64.0231547511015,
2435,Tortugas,21,-32.7473970137447,-61.8209883286038,
2436,Puerto Pirámides,5,-42.5720910610866,-64.2841628775217,
2437,Lanteri,21,-28.8400067339902,-59.6351942811771,
2438,Santa Rosa,3,-28.4425610943667,-65.710838370244,
2439,Villa Sauze,2,-35.2858574209169,-63.3686521604681,
2440,Santa Rosa del Conlara,19,-32.3428333476501,-65.2089058975824,
2441,Pomán,3,-28.3952811443403,-66.2182866315867,
2442,Bandera,22,-28.8880917336272,-62.2690252706593,
2443,Tomás Young,22,-28.6005406928994,-62.1826749134259,
2444,Las Perlas,16,-38.9822524329298,-68.1497547494469,
2445,Cruz de Caña,6,-31.0678362171856,-64.9347870163643,
2446,General Rojo,2,-33.4747261090956,-60.2873220904722,
2447,Las Chacritas,3,-27.6881718363204,-65.9237482043879,
2448,Sosa,8,-31.7362332979389,-59.9111358895149,
2449,Solís,2,-34.2980408829155,-59.3236816172608,
2450,Bagual,19,-35.1430446239555,-65.5698831699399,
2451,Victoria,8,-32.6216058234351,-60.1579539516715,
2452,Ingeniero Guillermo N. Juárez,9,-23.9037391500172,-61.8424292693027,
2453,Villa Río Hondo,22,-27.5956212466069,-64.8734366980965,
2454,Gancedo,4,-27.487414446204,-61.6766967146157,
2455,Balneario La Verde,21,-29.9809130687161,-61.2419055056176,
2456,Quebracho Herrado,6,-31.5490137413102,-62.2249566858388,
2457,Santiago del Estero,22,-27.787684474002,-64.259668066644,
2458,Villa San José de Vinchina,12,-28.7536971019394,-68.2048448095049,
2459,El Crispín,6,-31.0176067254515,-63.6053511676616,
2460,Luján de Cuyo,13,-33.0391708753668,-68.8795523174873,
2461,Curamalal,2,-37.4842469381512,-62.1045577159859,
2462,Piedras Blancas,8,-31.1850061480935,-59.9499577135334,
2463,El Cajón,3,-26.4075706142584,-66.2538315321122,
2464,San José del Morro,19,-33.2123441386321,-65.491184132694,
2465,Buenos Aires Chico,5,-42.0669680433499,-71.2148139824942,
2466,Pacheco de Melo,6,-33.7584460192307,-63.4903023260087,
2467,Riacho He-He,9,-25.3606567808655,-58.2797959108852,
2468,Cañada de Gómez,21,-32.8212161641876,-61.3951986808447,
2469,Barrio de los Pescadores,4,-27.4610600630558,-58.8675740610966,
2470,Vedia,2,-34.4979071777374,-61.5423105969941,
2471,San Carlos Minas,6,-31.1765584414897,-65.1018201177792,
2472,Barrio Las Margaritas,2,-34.1847259520637,-60.6989875902975,
2473,Villa Laguna La Brava,2,-37.8612230791642,-57.9810120239183,
2474,Colón,2,-33.897126396729,-61.0994163618167,
2475,Eldorado,14,-26.4088769640649,-54.6070530398259,
2476,Montecaseros,13,-33.0137304905292,-68.3898241736059,
2477,Ingeniero Luiggi,11,-35.3884711486406,-64.4673705684362,
2478,Villa Cañás,21,-34.0042771998924,-61.6058282845616,
2479,Manzano Amargo,15,-36.7530915276015,-70.7632138580449,
2480,Villa Parque Cecir,2,-34.1749470374961,-60.6944299346838,
2481,Carboncito,17,-23.2360962246582,-63.7691129130285,
2482,Hipólito Bouchard,6,-34.7238744309592,-63.5072646744416,
2483,Villa de María,6,-29.9065231333502,-63.7225619706298,
2484,Santa Ana,8,-30.8993700235864,-57.9310782503744,
2485,Atalaya,2,-35.0242952172867,-57.5354895064576,
2486,Pie de Palo,18,-31.6612651782065,-68.2197001783797,
2487,Capiazuti,17,-22.2034290865416,-63.7196537191495,
2488,Roldán,21,-32.898143152173,-60.9096474483425,
2489,Centenario,15,-38.8301565362765,-68.121477474246,
2490,Jaime Prats,13,-34.9102915791426,-67.8204773210877,
2491,Las Jaulas,8,-31.8270433777202,-60.6053181395704,
2492,Villa Urrutia,14,-26.83689267867,-54.7530630524833,
2493,Villa Barboza,18,-31.592897329482,-68.5571289097553,
2494,El Fuerte,10,-24.2605144353187,-64.4141251024339,
2495,Paraíso,14,-26.6870728866734,-54.20307320559,
2496,Santa Anita,8,-32.1744166184824,-58.7859758644397,
2497,Villa Salavina,22,-28.8043169228177,-63.4296505743647,
2498,Villa San José,21,-31.3366658076454,-61.6215791919805,
2499,San Francisco,6,-31.424938943193,-62.0838767338685,
2500,Santa Teresa,11,-37.5747871786212,-63.4313184018927,
2501,Arbilla,21,-33.0910657594171,-60.6984776478447,
2502,Termas de Santa Teresita,12,-28.590538439286,-66.5553904949284,
2503,8va Sección,13,-32.8673928037756,-68.8686395022336,
2504,Azul,2,-36.777446999956,-59.8634430458016,
2505,José Rafael Gómez,7,-28.2303186276078,-55.7844099938525,
2506,Pincén,6,-34.838183614786,-63.9165630450065,
2507,Barrio San Cayetano,2,-35.5353900516083,-58.0139947303222,
2508,Aldea Apeleg,5,-44.6876393507589,-70.8529129101379,
2509,Villa Oeste,6,-32.4169424085691,-63.2834583533615,
2510,Juan Bautista Alberdi,24,-27.5858729205735,-65.6172967193819,
2511,Villa Tacú,18,-31.5261702270259,-68.7052483931582,
2512,Ex Ingenio Nueva Baviera,24,-27.0705646218945,-65.399674305559,
2513,Rincón Potrero,21,-31.5289972020988,-60.4799970669308,
2514,Guayamba,3,-28.3432440671694,-65.3996547929967,
2515,Cañada Honda,18,-31.9851271771981,-68.5486633086048,
2516,Santa Isabel,21,-33.8876581822352,-61.6959373296916,
2517,Árraga,22,-28.0512916906588,-64.2237913816297,
2518,Arizona,19,-35.725078490843,-65.3204875821848,
2519,Cabildo,2,-38.4851528833332,-61.8937521627044,
2520,Huanqueros,21,-30.0119939026675,-61.2184652472247,
2521,Los Cisnes,6,-33.4003583812229,-63.4723888936644,
2522,Cuipán,12,-28.4573410968679,-67.121585483998,
2523,Siján,3,-28.2614932193968,-66.2242784976376,
2524,Villa Mailín,22,-28.4826006843391,-63.2760508183223,
2525,Aicuñá,12,-29.4727869031183,-67.7746060994257,
2526,Las Chacras,19,-32.5625381713775,-65.7769022962592,
2527,General Rodríguez,1,-34.6506156900802,-58.9878467982619,
2528,San Pedro,8,-30.7581957780129,-58.0815900082746,
2529,Colonia Santa María,6,-31.6078812032969,-62.4285031451636,
2530,Chuña,6,-30.4670741739895,-64.6702311731976,
2531,San Nicolás de los Arroyos,2,-33.3384039563383,-60.2214955044967,
2532,Las Junturas,6,-31.8313962124571,-63.4506365754631,
2533,Lincoln,2,-34.868176906451,-61.5294113017458,
2534,Cerrillos,17,-24.8958125202419,-65.4871448167518,
2535,Casabindo,10,-22.9868279163712,-66.0329261502004,
2536,Bandera Bajada,22,-27.2732906811549,-63.5131819104367,
2537,Capitán Solari,4,-26.8023878089949,-59.5570832354769,
2538,Cerro Cóndor,5,-43.4197846057917,-69.1642676734883,
2539,Tramo 20,22,-27.7211815580682,-64.1184987028207,
2540,San Isidro,18,-30.1412160266656,-68.7058856208801,
2541,Villa Giménez,22,-27.5709933920394,-64.477409299237,
2542,Nueva Escocia,8,-31.6496165324376,-58.0163356827209,
2543,Villa El Chocón,15,-39.2615472701827,-68.7789277377405,
2544,1ra Sección,13,-32.8876231328051,-68.8410316296807,
2545,La Posta,6,-30.5655747818198,-63.5169640654929,
2546,Nemesio Parma,14,-27.3564760995956,-56.0172226758984,
2547,Los Hoyos,6,-29.8024626093423,-63.6282467011945,
2548,Juan Cousté,2,-38.8944422347495,-63.1407347636352,
2549,Las Compuertas,13,-33.0374290498086,-68.9832144601666,
2550,Colmena,21,-28.7625002902498,-60.0910907661456,
2551,Barrio Ciudadela,5,-45.7966537301578,-67.4968830233563,
2552,Lucas Monteverde,2,-35.4823627488065,-59.985834587543,
2553,General Fernández Oro,16,-38.9541210674842,-67.9292262677881,
2554,Termas de Río Hondo,22,-27.4986349900512,-64.8607132920034,
2555,Haumonia,4,-27.5076395814698,-60.1781987489044,
2556,Barrio Restinga Alí,5,-45.7931574348705,-67.4078416019458,
2557,Panambí,14,-27.7220280431487,-54.914825780103,
2558,Pavón,21,-33.242900662257,-60.4071124151166,
2559,General Mansilla,2,-35.0797217208605,-57.7468870241048,
2560,San Miguel del Monte,2,-35.4410438810578,-58.8034514480508,
2561,Viamonte,6,-33.7460517522538,-63.0972816274547,
2562,Chos Malal,15,-37.3748278814013,-70.2763310746376,
2563,Colonia Benítez,4,-27.3326007424094,-58.9463894200742,
2564,La Ribera,19,-33.6919305278304,-65.5022500728767,
2565,Nueva Trinidad,24,-27.4845113363813,-65.4912509331708,
2566,Los Toldos,17,-22.2803696174661,-64.6989208869293,
2567,El Paraíso,24,-26.8368146479854,-65.0953051346749,
2568,Hasse,22,-27.0668334738991,-62.6472456721472,
2569,Country Club La Almudena,17,-24.7616630929021,-65.4665724753893,
2570,Bananal,10,-23.5664363390453,-64.4992128716824,
2571,San Pedro,12,-28.6617233260584,-66.9230154722288,
2572,Río Chico,16,-41.7102925061921,-70.4767241368606,
2573,Ñanducita,21,-30.3698188713675,-61.1333760901584,
2574,Nueva Ciudad,13,-32.8937192468439,-68.8089338793612,
2575,La Beba,2,-34.1541391001149,-61.011284299162,
2576,Puerto Piray,14,-26.4673386069983,-54.7180267487723,
2577,Francisco Madero,2,-35.8493979220261,-62.0666472050596,
2578,Loma Blanca,12,-30.6410075694352,-66.2426317211089,
2579,La Buitrera,15,-38.5522303881069,-70.3694309610101,
2580,Punta del Agua,6,-32.5758057074061,-63.8102095030137,
2581,Villa Rumipal,6,-32.1893832757006,-64.4792058830229,
2582,Samuhú,4,-27.5191076765673,-60.3940259705373,
2583,Trenel,11,-35.6983285275212,-64.1332845095521,
2584,Atahona,24,-27.4168673549348,-65.2866811539166,
2585,El Valle,6,-31.9451679685925,-65.064491322343,
2586,El Bolsón,3,-27.9039042243544,-65.8810526601527,
2587,Velloso,2,-36.120569720248,-59.6518688348755,
2588,Santa Ana,14,-27.3692137837182,-55.5817097004515,
2589,General Pinto,2,-34.7643315774965,-61.8916280748092,
2590,Medina,24,-27.4218982652989,-65.5328770686608,
2591,Villa Bordeau,2,-38.693558630756,-62.3350174250385,
2592,Arenas Verdes,2,-38.5450724677553,-58.5573544699775,
2593,General Levalle,6,-34.0070747945052,-63.9234765017096,
2594,La Eduvigis,4,-26.8364618120738,-59.0623206203105,
2595,Altos de Chipión,6,-30.9571805127438,-62.3383686273189,
2596,Guanchín,12,-29.1902411689541,-67.637758227647,
2597,El Chacho,6,-30.8003826357539,-65.65640422135,
2598,El Zapallar,13,-32.8624796752219,-68.8056414489579,
2599,Puerto Ruiz,8,-33.2218241731748,-59.3654648895633,
2600,Bulnes,6,-33.5059261778155,-64.6782186707837,
2601,Napenay,4,-26.7295871127198,-60.6167760570049,
2602,Aguada San Roque,15,-37.9986747837372,-68.9229085970042,
2603,San José de Jáchal,18,-30.2417460758843,-68.7464564792971,
2604,Pomancillo Este,3,-28.3025626549866,-65.7195725583916,
2605,San Francisco,10,-23.6220827260116,-64.9506186804931,
2606,Sañogasta,12,-29.3222094588692,-67.602829071172,
2607,La Cruz,7,-29.1786291267576,-56.6382949898464,
2608,Cobres,17,-23.6505040789231,-66.288571501695,
2609,Medanitos,3,-27.5242404633121,-67.5912877994986,
2610,Atlántida,2,-37.8477075092505,-57.513264752301,
2611,Las Palmitas,3,-28.6371892888632,-64.986114025125,
2612,Villa de Balcozna,3,-27.8826117613613,-65.7278189496364,
2613,Vicente López,1,-34.5265545192105,-58.5044096281714,
2614,Barrio Fátima,16,-39.057331691434,-67.4727795799436,
2615,Posadas,14,-27.3664259799962,-55.8939802751923,
2616,La Ramadita,3,-27.684459770281,-67.6194392541928,
2617,General Almada,8,-32.8373889903269,-58.8026489744221,
2618,Pilar,21,-31.4404106897364,-61.2595980555326,
2619,Villa Amelia,21,-33.1759079593172,-60.664101151059,
2620,Adelia María,6,-33.6320303880364,-64.0216780090112,
2621,Coneta,3,-28.5792992293533,-65.8877987003735,
2622,San Marcos,6,-32.6302358808943,-62.4842480037889,
2623,Andrade,13,-33.1726767497489,-68.5023465092664,
2624,Pozo Nuevo,6,-29.5787363086334,-64.10149444853,
2625,Cuadro Nacional,13,-34.6171378885148,-68.2753742994292,
2626,Hinojo,2,-36.8665431549573,-60.161834312253,
2627,Llulluchayoc,10,-22.5487891410912,-65.387508561537,
2628,Santa Lucía,2,-33.8809441102835,-59.8742021436945,
2629,Tezanos Pinto,8,-31.8716985985524,-60.494414737347,
2630,El Ramblón,13,-33.1573516150859,-68.2955439092712,
2631,Suardi,21,-30.534423803072,-61.9610054265374,
2632,General Güemes,17,-24.6744472071112,-65.0465979199562,
2633,Alpasinche,12,-28.321596561294,-67.053908677707,
2634,San Manuel,2,-37.7864858749992,-58.8484867159827,
2635,Chañarmuyo,12,-28.603193692864,-67.5831795395154,
2636,Famatanca,3,-26.7709564163444,-66.0822731499912,
2637,Villa Sarmiento,6,-34.1228538364414,-64.7251793561373,
2638,San José,10,-22.1346028583951,-65.4681564031582,
2639,Amboy,6,-32.1745792840367,-64.5732436463006,
2640,Clemente Onelli,16,-41.246399603798,-70.0327101551176,
2641,Seguí,8,-31.9543397722153,-60.1256505518592,
2642,Guachipas,17,-25.5226529664273,-65.5100280697885,
2643,Mallín,6,-31.2970218527109,-64.5732543628865,
2644,Navarro,2,-35.0059067153277,-59.2782839828002,
2645,La Armonía,2,-37.7739863352594,-57.634189525923,
2646,Villa Antigua,13,-33.4651404592254,-67.5938749253002,
2647,San Bernardo,21,-30.8891775364124,-60.5739772160101,
2648,Pueblo Independencia,24,-27.2195211043044,-65.5273292701279,
2649,Manuel Ocampo,2,-33.7649964204955,-60.6510366023021,
2650,San Carlos Centro,21,-31.7265876198786,-61.0907301349574,
2651,30 de Agosto,2,-36.2786476447172,-62.5452240043378,
2652,Peyrano,21,-33.5377799155476,-60.7997182059749,
2653,Fraile Pintado,10,-23.9441164853991,-64.8030353350931,
2654,Campo Grande,14,-27.2079594757129,-54.9797023999934,
2655,Chaupi Pozo,22,-27.5069327538884,-64.4198407399146,
2656,Barrio Emanuel,13,-32.8429941272586,-68.3932568879513,
2657,Avellaneda,1,-34.678165231634,-58.3411669443016,
2658,Gobernador Benegas,13,-32.9430626494947,-68.8466356635163,
2659,Sargento Moya,24,-27.2281543844156,-65.66001671135,
2660,Classon,21,-32.4623773523095,-61.2903951726398,
2661,Villa Cura Brochero,6,-31.7064607252407,-65.0186063890249,
2662,Cruz de Piedra,13,-33.0302445136191,-68.7804170386384,
2663,Gobernador Castro,2,-33.6590136302514,-59.8684776819622,
2664,Parque Norte,6,-31.3004990166318,-64.1769624238092,
2665,General Ballivián,17,-22.9358906204634,-63.8612569355762,
2666,Laguna Gallo,9,-25.2690857147191,-58.7423200868337,
2667,Guerrero,10,-24.1864512579727,-65.4489481631763,
2668,Hernandarias,8,-31.2300082476583,-59.9882864462032,
2669,Serrezuela,6,-30.6387724146337,-65.3887411301193,
2670,Carrilobo,6,-31.8737148813053,-63.1173981360837,
2671,Volcán,10,-23.91715334158,-65.4640476047747,
2672,Salto,2,-34.2917463137732,-60.254502487545,
2673,Cote Lai,4,-27.5314293676606,-59.5750500614589,
2674,Colonia Pastoril,9,-25.6726931913952,-58.2614948592126,
2675,Buena Esperanza,19,-34.7578884445232,-65.2535892029721,
2676,El Tuscal,6,-29.7642651564792,-64.5254290910865,
2677,San Roque del Lago,6,-31.3239065791151,-64.4519728152522,
2678,Barrio Próspero Palazzo,5,-45.7957361705675,-67.4705730669736,
2679,Puerto Esperanza,14,-26.0206123976287,-54.6152011709047,
2680,Villa Manuel Pomar,2,-33.9133660735741,-60.9423275118825,
2681,Las Heras,13,-32.850341601842,-68.840520401658,
2682,Tamberías,18,-31.4580988587428,-69.4215526945527,
2683,Dolavon,5,-43.3079788422985,-65.7098722771955,
2684,San Agustín,21,-31.6828736489464,-60.9406357226933,
2685,Chaupihuasi,12,-28.3515336711124,-67.0722307328254,
2686,Sierra de los Padres,2,-37.9476275878402,-57.77786713584,
2687,Cabalango,6,-31.3905569618048,-64.5603055530165,
2688,Country Club El Tipal,17,-24.7564566727092,-65.4758471105577,
2689,Estación Luxardo,6,-31.3051847581533,-62.1337539789747,
2690,Villa Dominguito,18,-31.5591622983829,-68.3005020600145,
2691,Villa Salles,19,-33.8400399215258,-65.2135585919752,
2692,Carreras,21,-33.5961449282005,-61.3109487178776,
2693,La Serranita,6,-31.7356662291128,-64.4556101899257,
2694,Colonia Campo Villafañe,9,-26.2046868834935,-59.0800251843289,
2695,Fortuna,19,-35.1307004276415,-65.3830928497664,
2696,Los Gutiérrez,24,-26.8064448446339,-65.1414485842111,
2697,Comodoro Py,2,-35.3225569754525,-60.5213798412284,
2698,El Quebracho,9,-23.3425178036286,-61.8715840131706,
2699,La Reducción,24,-26.9576027416907,-65.3505506517653,
2700,Barrio Planta Compresora de Gas,16,-40.0619299273077,-64.4748544269681,
2701,Capivara,21,-30.459709764108,-61.27115306531,
2702,Presidente Roca,21,-31.2142150140904,-61.6129125462879,
2703,Micaela Cascallares,2,-38.4941143424147,-60.4683512141006,
2704,Soldini,21,-33.0275840215076,-60.7567548485249,
2705,Laguna de Lobos,2,-35.2737826395219,-59.1350643318774,
2706,Los Castillos,3,-27.9598298042336,-65.8128044102085,
2707,Las Tortugas,13,-32.9451939945605,-68.8231022796565,
2708,Río Mayo,5,-45.6861769975897,-70.2566379579333,
2709,Cayastacito,21,-31.1128097019696,-60.5798783953644,
2710,Bañado de los Pantanos,12,-28.3785558073253,-66.8305780622108,
2711,Balneario Sauce Grande,2,-38.9937618197022,-61.208011352374,
2712,Misión Kilómetro 6,17,-22.5134605927105,-63.7532494365026,
2713,Totoras,21,-32.5842724902691,-61.1666997390063,
2714,Barrio Güemes,5,-45.8222376650658,-67.4920745853454,
2715,Colonia San Juan,22,-27.6179076144941,-63.300576777963,
2716,Barranqueras,4,-27.485106065975,-58.9307362641928,
2717,Mar del Plata,2,-38.0064494189987,-57.5438377776641,
2718,La Puerta,17,-25.2800549545131,-66.449909388902,
2719,Mar de Ajó,2,-36.7295552936745,-56.6772956263397,
2720,Candelaria Sur,6,-30.8389674456885,-63.801268050939,
2721,Paicone,10,-22.2195467772738,-66.424977403727,
2722,Concepción del Bermejo,4,-26.6003305862167,-60.9461769608855,
2723,Montes de Oca,21,-32.566379801524,-61.7684586366872,
2724,Polcos,3,-28.4372399562612,-65.7207691590717,
2725,Juana Koslay,19,-33.2888993309035,-66.2666359766561,
2726,Colonia El Simbolar,22,-27.7275668035483,-63.8587596656037,
2727,Quirós,3,-28.7858877210576,-65.1109537072663,
2728,Paso de los Libres,7,-29.7137148107283,-57.085405398509,
2729,Subteniente Perín,9,-25.535408824435,-60.0188243268527,
2730,El Piquete,10,-24.1784335111713,-64.6790174406548,
2731,Indio Rico,2,-38.3304457035345,-60.8852418354866,
2732,Duggan,2,-34.2073821857375,-59.6370221823994,
2733,Tres Picos,2,-38.2896055604839,-62.2080555809382,
2734,Orosmayo,10,-22.5568875913675,-66.3567871674677,
2735,La Cumbrecita,6,-31.8997878540948,-64.7731668387586,
2736,El Dorado,2,-34.6528615816264,-61.5829084882257,
2737,Barrio Castelli,5,-45.8163897245992,-67.4764194977592,
2738,La Merced,17,-24.9669452664983,-65.4890141819133,
2739,Fontezuela,2,-33.912063973022,-60.4600333437368,
2740,Leleque,5,-42.412947255266,-71.0711517093,
2741,El Escorial,5,-43.08976280226,-68.5398676711389,
2742,Carnerillo,6,-32.9131482495273,-64.0225799574983,
2743,La Intermedia,10,-22.4211722383705,-65.7015097533795,
2744,Hipólito Yrigoyen,20,-47.5656625192158,-71.7428482472665,
2745,Playa Dorada,2,-37.8734909293914,-57.519182373008,
2746,Villa del Tránsito,6,-31.4481787307175,-63.1943037792573,
2747,Tricao Malal,15,-37.0447367305766,-70.3248202602473,
2748,Piñalito Norte,14,-25.9331145756288,-53.9329622012243,
2749,Barrio Villa del Parque,6,-31.7981315605128,-64.5163862272189,
2750,Villa General Roca,19,-32.6659413909673,-66.4507847001664,
2751,Laguna Naick-Neck,9,-25.2227368896608,-58.121015820204,
2752,Villa Mercedes,19,-33.6803646800407,-65.4697478338235,
2753,Integración,14,-25.7709613454189,-53.8551809061342,
2754,Santo Domingo,12,-28.5543757612356,-67.6719934135659,
2755,Bermúdez,2,-34.6946237218582,-61.3286850690249,
2756,El Espinillo,9,-24.9814828527301,-58.5525615910834,
2757,Arcadia,24,-27.305917552868,-65.5768492892713,
2758,Pozo del Molle,6,-32.0213365761411,-62.9193087987189,
2759,James Craik,6,-32.1614313460231,-63.4679698158525,
2760,Villa El Salvador - Villa Sefair,18,-31.4532696508238,-68.4037600798682,
2761,Egusquiza,21,-31.0954544120843,-61.6279248126475,
2762,La Luisa,2,-34.1295652785123,-59.9264182117769,
2763,Berisso,1,-34.9093551143988,-57.8283797724826,
2764,Barrio El Pacaá - Barrio Comipini,21,-32.1285761793514,-60.9305568319027,
2765,Puesto Viejo,10,-24.486338543266,-64.9649043733667,
2766,Plaza San Francisco,6,-31.3711366412049,-62.0981896397935,
2767,Barrio Colonia Conesa,16,-40.1510359482702,-64.348591808395,
2768,Adolfo Van Praet,11,-35.0166726511379,-64.0353200737961,
2769,Costa del Chubut,5,-42.6039350182085,-70.4570302916977,
2770,General Lagos,21,-33.1100430426219,-60.5645578429181,
2771,Las Palmas,6,-31.3777759391536,-65.2898362313984,
2772,Bernardo de Irigoyen,21,-32.1696834044551,-61.1566874883448,
2773,Cafferata,21,-33.4395372322313,-62.0861877325733,
2774,Chañar Viejo,6,-29.9984049797927,-63.852734229904,
2775,Rodeo,18,-30.2101589904976,-69.1315941819034,
2776,Alicia Alta,14,-27.3778182174267,-54.3520980104308,
2777,Ramada Paso,7,-27.3661839328388,-58.2996240364452,
2778,Porteña,6,-31.0140493141382,-62.0620445341275,
2779,Falda del Cañete,6,-31.5254109450558,-64.4509231366198,
2780,Limay Mahuida,11,-37.1598303700809,-66.6751236820745,
2781,Pueblo Bellocq (Las Garzas),8,-31.4274268735175,-59.7444932615042,
2782,Napalpí,4,-26.90250084563,-60.1298062022973,
2783,Colonia Seré,2,-35.4364703945579,-62.7279291284189,
2784,Villada,21,-33.348849210097,-61.4466203172551,
2785,Villa Los Patos,6,-32.7668376248393,-62.7271351305326,
2786,Rosario de la Frontera,17,-25.7985634224576,-64.973858090961,
2787,Pasman,2,-37.2236398494077,-62.1647546339893,
2788,Hipólito Yrigoyen,17,-23.2443431479711,-64.2765526310543,
2789,Campo de Herrera,24,-27.0263974129574,-65.345625814105,
2790,San Isidro,3,-28.4596664737849,-65.7258927919472,
2791,Tunuyán,13,-33.5812531556326,-69.0153685595424,
2792,Sol de Mayo,2,-34.2689702155468,-60.8722564717847,
2793,Capilla del Rosario,13,-32.9067890546551,-68.7668004049907,
2794,Alta Italia,11,-35.3344236924485,-64.1171414735618,
2795,Casbas,2,-36.7577003509485,-62.504382462784,
2796,Pérez Millán,2,-33.7701939258864,-60.0937410521656,
2797,Barrio Virgen del Rosario,13,-32.7018213513086,-68.3145153425924,
2798,Guatraché,11,-37.6707269295659,-63.5357606533356,
2799,Apolinario Saravia,17,-24.4307774508554,-63.9949453612836,
2800,Mar del Tuyú,2,-36.5738769791921,-56.6908899030479,
2801,Contralmirante Cordero,16,-38.7577417447038,-68.0996683068466,
2802,Palo Santo,9,-25.5645938779503,-59.3377190950807,
2803,Susana,21,-31.35576004965,-61.5157799454866,
2804,Pila Pardo,10,-24.5824618916524,-64.9200507886571,
2805,Rinconadillas,10,-23.3855012557895,-65.9570523421046,
2806,Gilbert,8,-32.5358321663809,-58.9340099890289,
2807,Timbúes,21,-32.6678121550884,-60.7936464408933,
2808,Huanchillas,6,-33.6684902972492,-63.6362592216111,
2809,Villa Escolar,9,-26.6219167917254,-58.6697066766394,
2810,General Alvear,13,-34.9774715840283,-67.6961828096237,
2811,Matará,22,-28.110413912625,-63.1950712509572,
2812,Cerrito,8,-31.582388959984,-60.0736871986697,
2813,Durazno,8,-31.9858807820586,-59.2792940251352,
2814,Costa de Araujo,13,-32.7576403090664,-68.4082718724626,
2815,Barreal - Villa Pituil,18,-31.6447359774509,-69.4720779467626,
2816,Ceres,21,-29.8818941399429,-61.9450937118177,
2817,Kilómetro 101,21,-33.0587898573267,-60.6849723150831,
2818,Intendente Alvear,11,-35.2346794397986,-63.5920874357151,
2819,Algarrobo del Águila,11,-36.3980844050316,-67.1444914624205,
2820,Las Rabonas,6,-31.8535617455815,-64.9798804026096,
2821,Plaza de Mercedes,6,-30.9783551069074,-63.2606882348996,
2822,Villa La Bolsa,6,-31.7296592489033,-64.4294514201919,
2823,La Rinconada,18,-31.6904636145299,-68.5866340026227,
2824,Pampa Vieja,18,-30.2151857966318,-68.6879878663543,
2825,Libertador General San Martín,10,-23.8132315352072,-64.7931971265748,
2826,Colonia Cello,21,-31.4321287986873,-61.8413750424244,
2827,Aguada de Guerra,16,-41.0678866442303,-68.3817264310118,
2828,El Tunal,17,-25.253500783235,-64.3977848116487,
2829,Pedernal,18,-31.9964102872788,-68.7639500317177,
2830,Gaiman,5,-43.2916167979349,-65.4983708667024,
2831,Taco Ralo,24,-27.8350683836867,-65.1946017699559,
2832,Colonia Barón,11,-36.1536100297405,-63.8552047195573,
2833,Dos de Mayo,14,-27.0199367725495,-54.6845309683247,
2834,Astica,18,-30.9550561925081,-67.3044747814814,
2835,Villa Laura,21,-31.3720648988493,-60.662292610109,
2836,Ciervo Petiso,4,-26.5801424797738,-59.6300338022635,
2837,Falda del Carmen,6,-31.5853576242136,-64.4546481813255,
2838,Curarú,2,-35.6409140591985,-62.1947037330345,
2839,Chillar,2,-37.3128038441293,-59.985165666911,
2840,Don Emilio,10,-24.3172077154244,-64.9067642277904,
2841,Villa Carlos Paz,6,-31.4179169402695,-64.4940291640464,
2842,Recalde,2,-36.6517884485627,-61.0859063265243,
2843,Mar de Cobo,2,-37.7762894782296,-57.4511483919747,
2844,La Cumbre,6,-30.9821337813884,-64.4941975929075,
2845,Vaca Huañuna,22,-27.4636942107519,-63.472420567237,
2846,Bauer y Sigel,21,-31.2715587040161,-61.9430176040882,
2847,Coronel Martínez de Hoz,2,-35.330757064308,-61.6143052247512,
2848,Plaza Matilde,21,-31.7962668841232,-61.0100134903629,
2849,Vilismán,3,-28.4977236708,-65.4331003060281,
2850,Huaycama,3,-28.5172930868746,-65.6765041696816,
2851,Playa Magagna,5,-43.3819482673625,-65.045502263122,
2852,Villa Burruyacú,24,-26.5004734484514,-64.7436722531663,
2853,Barrio Lagunas de Bartoluzzi,13,-32.6124479739555,-68.5622337662434,
2854,Alto de los Quebrachos,6,-30.5432844931547,-65.036726705634,
2855,Caraguatay,14,-26.6572810012338,-54.7391795233471,
2856,La Mendieta,10,-24.3144458904251,-64.9667792525391,
2857,Punta Colorada,16,-41.6944311700901,-65.0291474129519,
2858,Etruria,6,-32.9392316160202,-63.2450080292635,
2859,Progreso,21,-31.1378669003006,-60.9896422265588,
2860,Beazley,19,-33.7574838661998,-66.6446791295088,
2861,Jorge Born,2,-34.6976769838622,-59.3185257826541,
2862,Pascanas,6,-33.1247004094938,-63.0401247156511,
2863,Monte Ralo,6,-31.9107227775276,-64.2399422865257,
2864,Esmeralda,21,-31.612968990504,-61.9328722390571,
2865,Huinca Renancó,6,-34.8413182092657,-64.374674241684,
2866,Real Sayana,22,-28.8146898753285,-62.8430627391276,
2867,Villa Roulet,14,-26.4423688186645,-54.6404687715455,
2868,San Roque,13,-33.0332407917078,-68.5861231445318,
2869,Polvaredas,2,-35.5945542362794,-59.5069645738994,
2870,Villa La Punta,22,-28.3697259938311,-64.7946719966444,
2871,Smith,2,-35.4953675166723,-61.5925224282857,
2872,Leandro N. Alem,2,-34.5195737450834,-61.3912224232084,
2873,Pla,2,-35.1228959868708,-60.2219161413029,
2874,Avia Terai,4,-26.6866516745676,-60.7280308347642,
2875,San Carlos de Bolívar,2,-36.2298792668243,-61.1139170844785,
2876,Villa Mantero,8,-32.398361829393,-58.7460186949763,
2877,General Mosconi,17,-22.5995511048695,-63.8113270912528,
2878,Santa Cruz,24,-27.3894471673393,-65.4580738397899,
2879,Barrio Pino Azul,16,-39.0590846776688,-67.5848147263396,
2880,Colonia Santa Rosa,17,-23.391886839632,-64.4247058748049,
2881,Bernardo de Irigoyen,14,-26.255330197167,-53.6467345738917,
2882,General O'Brien,2,-34.9056096603392,-60.7605000810587,
2883,Irala,2,-34.7702039328676,-60.6910217502228,
2884,Justo Daract,19,-33.8633740330397,-65.1780584141074,
2885,Barrio Guatambu,14,-26.6055240102251,-54.6987074403571,
2886,Villa Media Agua,18,-31.9814468268365,-68.4266727442729,
2887,Piquirenda,17,-22.3250443530024,-63.7533063343865,
2888,Saavedra,2,-37.7613769091951,-62.3486388910383,
2889,Santa Fe,21,-31.6574749533861,-60.7104784410123,
2890,La Corita,14,-27.8925337769167,-55.3555548841936,
2891,Lavalle,22,-28.1945110968274,-65.1076656495112,
2892,Puerto General San Martín,21,-32.7160386395288,-60.7313938904008,
2893,Metileo,11,-35.7741568643325,-63.9406318565629,
2894,Miranda,12,-29.3391904276676,-67.6624782316474,
2895,Malbrán,22,-29.3491784387008,-62.4417695532694,
2896,Jama,10,-23.2398634422607,-67.0181004422145,
2897,Santa Rosa,13,-33.2540738388994,-68.1506620411735,
2898,Divisadero,18,-32.0072717233991,-68.6938717254481,
2899,Lin Calel,2,-38.7056214269641,-60.2450213199209,
2900,Elisa,21,-30.6944926833677,-61.0494002740529,
2901,Nácate,12,-30.8529073499437,-66.4249512958568,
2902,Curupaytí,21,-30.3961040247517,-61.653130514975,
2903,Las Bahamas,2,-33.6376750106,-59.9888547756034,
2904,Estancia Grande,8,-31.4391670544258,-58.1195702445376,
2905,San Andrés,24,-26.8881787226155,-65.1935520331529,
2906,Ambil,12,-31.1295791116995,-66.3439208367266,
2907,Mundo Nuevo,13,-33.1751777143033,-68.4276082525836,
2908,La Colonia,13,-33.0989413692546,-68.4804995237419,
2909,El Quebrachal,17,-25.331998582486,-64.0176493740719,
2910,Saturnino María Laspiur,6,-31.7034816925403,-62.483462241207,
2911,Colonia San Miguel,2,-36.9487547831548,-60.1114443173938,
2912,Saladero Mariano Cabal,21,-30.8806050987998,-60.035242547062,
2913,Campo Viera,14,-27.3309716091006,-55.054252029246,
2914,Perú,11,-37.6612081792483,-64.1392460132253,
2915,San Antonio,3,-28.4257566977239,-65.7083811850021,
2916,Pipinas,2,-35.5301976285515,-57.3283242927271,
2917,Barrio 12 de Octubre,13,-33.1970420438086,-68.255138753812,
2918,Pozuelos,22,-27.3056394982777,-64.7549367106732,
2919,Malligasta,12,-29.176454436516,-67.4348904050625,
2920,Los Talas,3,-27.9415305502312,-65.8680485138611,
2921,Del Carril,2,-35.5080172172452,-59.5137164479448,
2922,Estancia Grande,19,-33.1895978630552,-66.15259947219,
2923,Darregueira,2,-37.6894529983703,-63.1610268101447,
2924,Chichinales,16,-39.1147484657102,-66.9422501914151,
2925,Oratorio,10,-22.0989182117325,-66.1324686554303,
2926,Vila,21,-31.1905304719007,-61.8329034328494,
2927,Tudcum,18,-30.1881560407353,-69.2707387133114,
2928,Esquel,5,-42.9173207104894,-71.3215725535306,
2929,Casalegno,21,-32.2630084714591,-61.1264680407656,
2930,Líbaros,8,-32.2618954398159,-58.9069528897268,
2931,El Puesto,10,-24.198110088207,-64.7896264819769,
2932,Aldea Beleiro,5,-45.5532682101788,-71.5226366677746,
2933,Juan N. Fernández,2,-38.0055227969301,-59.2639234559796,
2934,Solar de los Molinos,6,-31.8282753564049,-64.5213024933877,
2935,Aldea Asunción,8,-32.8247091104656,-59.2391181528493,
2936,Pobre Diablo,13,-34.664646219529,-68.3569367991089,
2937,Buena Vista,9,-25.0715004091766,-58.3855286020002,
2938,Parque Norte - Ciudad de los Niños - Guiñazú Norte,6,-31.3124146261742,-64.1761908673028,
2939,El Potrero,3,-27.5101585793459,-66.3286299613972,
2940,Colonia Sarmiento,9,-24.6439212019411,-59.4340586061241,
2941,Ayacucho,2,-37.1527609912759,-58.4883791747028,
2942,San Justo,21,-30.7891711509703,-60.5933005911998,
2943,Basail,4,-27.887604311928,-59.2814720308718,
2944,Santiago Temple,6,-31.3859854153174,-63.4196375028441,
2945,Punta Mogotes,2,-38.0669527856915,-57.5510392309588,
2946,Villa San Agustín,18,-30.6346405612632,-67.4678212880051,
2947,San Fabián,21,-32.1379267171111,-60.983122613202,
2948,Jocolí Viejo,13,-32.7081594230283,-68.6734250575645,
2949,Choromoro,24,-26.4112743003269,-65.3199569940608,
2950,Villa Fiad - Ingenio Leales,24,-27.0677472403134,-65.2354487523003,
2951,Barrio El Petróleo,16,-39.0623790184,-67.5115760033591,
2952,Quera,10,-23.1008268800709,-65.7635759565657,
2953,Animaná,17,-25.9694836427137,-65.9489952304346,
2954,Pasco,6,-32.7462180353295,-63.3417357565638,
2955,Villa Clodomiro Hileret,24,-27.4740005527532,-65.6591463841397,
2956,Gálvez,21,-32.0302817532627,-61.2243286280213,
2957,Colonia Baranda,4,-27.559706609019,-59.307924278637,
2958,Chacharramendi,11,-37.3320425414131,-65.6516236582345,
2959,Ex Ingenio Luján,24,-26.8535850536239,-65.0923209449576,
2960,Villa Arrieta,2,-36.9438085052348,-60.1583509841298,
2961,Villa Las Pirquitas,3,-28.279903384504,-65.732110637747,
2962,San Martín de las Escobas,21,-31.8578635123551,-61.569620353558,
2963,Puerto Pilcomayo,9,-25.37222440699,-57.6516064848139,
2964,El Deán,22,-27.7146470173219,-64.3312874582585,
2965,Punta del Médano,18,-31.8941833863956,-68.4187610317866,
2966,Gessler,21,-31.874298950578,-61.1268640195101,
2967,Las Violetas,13,-32.8225161954956,-68.6048811641615,
2968,El Tabacal,17,-23.253484702818,-64.2457599100457,
2969,Tranquitas,17,-22.4062232772026,-63.7753621938176,
2970,San Francisco de Alfarcito,10,-23.3198429770203,-65.9739536976571,
2971,Lavalle,3,-28.1950298939033,-65.1143349474296,
2972,El Carrizal,13,-33.3196113216288,-68.7565454837912,
2973,9 de Julio,7,-28.8407771600765,-58.8300857171651,
2974,Urdampilleta,2,-36.4316190704842,-61.420100225322,
2975,Tarumá,14,-26.7174357097755,-54.7200614261087,
2976,Colonia del Valle,3,-28.6536070700741,-65.8678577009283,
2977,Urutaú,22,-25.7142772918579,-63.0422484687119,
2978,El Arenal,22,-26.7706923237205,-64.6028744748111,
2979,El Puesto,3,-27.9550333468616,-67.6336797895228,
2980,Monte Comán,13,-34.5923701490499,-67.8689534934664,
2981,Copetonas,2,-38.7214408739283,-60.4517437207662,
2982,La Playosa,6,-32.097001584398,-63.0343508725098,
2983,San Jerónimo del Sauce,21,-31.6090293079564,-61.1413538950116,
2984,Godoy Cruz,13,-32.925334570321,-68.8442814633876,
2985,Morea,2,-35.554541699943,-60.5620254403177,
2986,Tintina,22,-27.0262898756183,-62.7064053543567,
2987,San Nicolás,12,-29.1150368268577,-67.4735990523789,
2988,Amenábar,21,-34.1335779750064,-62.4233878729623,
2989,Villa Angélica,2,-33.6637017696942,-60.7085799617903,
2990,Santa Eufemia,6,-33.1764791369835,-63.286607639172,
2991,Comandante Nicanor Otamendi,2,-38.1105497829762,-57.8412456081091,
2992,Cieneguillas,10,-22.1006289770766,-65.8668223103029,
2993,Villa San Miguel,6,-31.8634283575435,-64.3749971056873,
2994,Barrio La Estación,13,-33.1548859827217,-68.3555391557339,
2995,Fortín Olmos,21,-29.0569537199912,-60.41289860052,
2996,La Brava,21,-30.4477817388248,-60.1409366948519,
2997,Ingeniero Chanourdie,21,-28.7598125278448,-59.5772332721616,
2998,Arroyo Verde,5,-41.996304359528,-65.2931723873599,
2999,Fortín Soledad,9,-24.1487535116917,-60.6899614061315,
3000,Marcelino Escalada,21,-30.5809351404083,-60.4683075561457,
3001,1° de Agosto,6,-31.307806181231,-64.1781444460259,
3002,Ugarteche,13,-33.2120701525104,-68.8913508978511,
3003,General Capdevila,4,-27.422571352861,-61.4761415092562,
3004,Recreo,21,-31.4908931095921,-60.7354488696804,
3005,Magdala,2,-36.084476688221,-61.7223293921874,
3006,Anillaco,3,-27.9088142529684,-67.6219226179066,
3007,San Pablo,19,-32.6611959365656,-65.3055836910467,
3008,Barrio Pinar,16,-37.67953385597,-67.8736968529445,
3009,San Francisco de Asís,14,-27.4626545241134,-54.7453180693087,
3010,Barrio Chacra Monte,16,-39.051502733983,-67.6357342041005,
3011,Colonia Avigdor,8,-31.183195499668,-59.4082372809929,
3012,Unión,19,-35.1537830816654,-65.9461516824094,
3013,Barrios Acapulco y Veracruz,21,-31.4154006894239,-62.0586206059622,
3014,El Soberbio,14,-27.2975110360397,-54.1975456175872,
3015,Los Reartes,6,-31.9183078880064,-64.5758210013579,
3016,Unanué,11,-37.5441522761958,-64.3512561221003,
3017,Colonia San Martín,2,-37.9768634201524,-62.33248362465,
3018,Bouquet,21,-32.4236315024218,-61.8897360595799,
3019,Barrio Ruta 40,18,-31.8590422981302,-68.5369454492431,
3020,Carmen del Sauce,21,-33.2360266733981,-60.8117710579368,
3021,Cuatro Esquinas,21,-33.2442614331838,-60.7643248990354,
3022,Morteros,6,-30.710667779374,-62.0072364579445,
3023,Freyre,6,-31.1645722575347,-62.0963188452224,
3024,Sansinena,2,-35.2743908183915,-63.2143255753942,
3025,Las Coloradas,15,-39.5564068485178,-70.5941526618992,
3026,Aldea Santa María,6,-33.6992194338424,-62.9146578216711,
3027,La Donosa,6,-31.6213166852746,-64.3820519076151,
3028,Escobar,1,-34.3286828340823,-58.7711786108508,
3029,Las Cañas,13,-32.9116366013682,-68.8173779760814,
3030,Zenón Pereyra,21,-31.5600953152186,-61.8962362746566,
3031,Tamberías,18,-30.183024024405,-68.7260125009239,
3032,Antofagasta de la Sierra,3,-26.0592666352418,-67.4065517117148,
3033,Argerich,2,-38.7702355579356,-62.6029546301718,
3034,Domingo Savio,14,-27.3554312415588,-55.3384703486921,
3035,Campanas,12,-28.5525800933789,-67.6278819820331,
3036,Rivadavia,18,-31.532442520036,-68.597140608392,
3037,Comunidad Aborigen Bartolomé de las Casas,9,-25.3486802585053,-59.6122308000124,
3038,Ariel,2,-36.5314223000046,-59.921751903635,
3039,Aarón Castellanos,21,-34.3327855490831,-62.3740821248797,
3040,Villa Tulumba,6,-30.395354235017,-64.1223089357636,
3041,Yoscaba,10,-22.1669539633503,-66.0245780416934,
3042,Siete Palmas,9,-25.2036911425663,-58.3320032247207,
3043,Villa Mirasol,11,-36.0763688619907,-63.8863241480268,
3044,San Carlos,13,-33.7720666172097,-69.0403915279667,
3045,Puesto del Marquéz,10,-22.5369606645786,-65.6974625005544,
3046,Santa Magdalena,6,-34.5188146178844,-63.9440394716914,
3047,Posadas (Extensión),14,-27.4524336750218,-55.8527114869609,
3048,Cañada del Ucle,21,-33.4094669300853,-61.605596605818,
3049,Cerro Colorado,6,-30.0955838474018,-63.9321618756654,
3050,El Foyel,16,-41.6539003705609,-71.4600848199919,
3051,Crespo,8,-32.0307595065229,-60.3060920490641,
3052,Puerto Bermejo Nuevo,4,-26.9077863528558,-58.5417008445514,
3053,La Gruta,2,-38.0597276619179,-62.0776250250117,
3054,Arroyo Corto,2,-37.51488223008,-62.3122486493154,
3055,Lehmann,21,-31.1253730242692,-61.4523785759401,
3056,Recaredo,17,-22.5770577021568,-63.8063168009714,
3057,Villa María,2,-34.8882250272161,-60.3474804806501,
3058,La Pampa,6,-30.9422303821288,-64.2769351162808,
3059,Río Chico,24,-27.4800451239794,-65.6251354337341,
3060,Tapebicuá,7,-29.5068220837034,-56.9748504032869,
3061,Villa Ruiz,2,-34.4316782101746,-59.2615521388936,
3062,Río Blanco,10,-24.2299800132012,-65.2346020968813,
3063,Villa Belgrano,24,-27.5309297947479,-65.6158042491924,
3064,Nación Ranquel,19,-34.6082273006981,-65.7169849341915,
3065,Puerto Arroyo Seco,21,-33.1304153870331,-60.5058458530957,
3066,Abralaite,10,-23.1691469686509,-65.793877601201,
3067,La Candelaria,3,-28.6943069148913,-65.4314484203132,
3068,General Racedo (El Carmen),8,-31.9791490506092,-60.4056663272969,
3069,El Corcovado - El Torreón,6,-32.1404343396904,-64.5034778547124,
3070,Labardén,2,-36.9489663646248,-58.10356763494,
3071,Recreo,3,-29.2788602588992,-65.0586114791781,
3072,Lules,24,-26.9221842679548,-65.3377158244698,
3073,La Chimbera,18,-31.8290111947623,-68.2468353167345,
3074,Ostende,2,-37.1296810995623,-56.8712019478631,
3075,San Juancito,10,-24.3833120577116,-64.9951905501431,
3076,Balneario Laguna de Gómez,2,-34.6608964328808,-61.018683323305,
3077,Barrio Santa Paula,2,-37.9305410654567,-57.6836403560068,
3078,Las Tunas,21,-31.5718902464727,-60.9961316027549,
3079,Oasis,14,-26.9717258466938,-55.2497234913103,
3080,Jacinto L. Aráuz,21,-30.7342982152469,-60.9755533250682,
3081,Simbolar,22,-27.6538108663232,-64.1931219557902,
3082,Barrio Municipal,18,-31.7528007987565,-68.5531272620265,
3083,Villa Teresa,13,-33.0183172820918,-68.6288161908741,
3084,Piedritas,10,-24.2957561488836,-64.8821771818728,
3085,Santa Rosa de Río Primero,6,-31.1535276572799,-63.3994126020727,
3086,Monte Quemado,22,-25.8035695940209,-62.8301319518378,
3087,Aristóbulo del Valle,14,-27.095675650663,-54.8934176144238,
3088,Oro Verde,8,-31.8227547000767,-60.5175334301681,
3089,Dalmacio Vélez,6,-32.6086003623095,-63.5834910311437,
3090,Nonogasta,12,-29.3022094416507,-67.5061907656652,
3091,Pilcaniyeu,16,-41.12263949403,-70.7215872840412,
3092,San Pedro,22,-28.4680342415624,-64.8669763387871,
3093,Pico Truncado,20,-46.7994201755505,-67.9578516802203,
3094,Villa Pehuenia,15,-38.8820630274553,-71.173153212253,
3095,Colonia Bossi,21,-30.6678459307087,-61.7877436526078,
3096,Villa Lynch Pueyrredón,2,-36.6015315731939,-61.3636659844575,
3097,La Candelaria,17,-26.1273433014677,-65.0513221032961,
3098,Aldea San Francisco,8,-31.9612266672352,-60.6352599381601,
3099,Urdinarrain,8,-32.6910460992997,-58.8884200764691,
3100,Ingeniero White,2,-38.7794923647948,-62.2655806941397,
3101,Doblas,11,-37.1504702596751,-64.0115253755499,
3102,La Pelada,21,-30.8662414882249,-60.9682925850045,
3103,Pueblo Uranga,21,-33.2660372695069,-60.7052495930472,
3104,Puerto Santa Ana,14,-27.3356474494144,-55.5831271516349,
3105,Barrio San Jorge,24,-26.6768508292566,-65.0456957222533,
3106,Colonia Ensayo,8,-31.8651881704182,-60.5746902491132,
3107,La Almona,10,-24.2593428790766,-65.3939570750952,
3108,Estación Presidente Roca,21,-31.2321284987409,-61.6102774667774,
3109,Paraje La Costa,21,-31.5153554159097,-60.6132114843972,
3110,Solanet,2,-36.8428748553363,-58.5081675690146,
3111,Tobantirenda,17,-22.1480802777509,-63.712941162492,
3112,Pluma de Pato,17,-23.3712416497348,-63.0967227644216,
3113,La Vertiente,19,-32.7971093636103,-65.7562953006457,
3114,Rosario de Lerma,17,-24.9858260222697,-65.5783969114127,
3115,Panambi Kilómetro 15,14,-27.7091503252118,-54.9674495140254,
3116,Vilmer,22,-27.7854252378707,-64.1514887620748,
3117,Laguna Blanca,9,-25.12626429608,-58.2404572822145,
3118,El Bracho,24,-26.9921689197257,-65.1819043715294,
3119,Capdevila,13,-32.8055322826857,-68.8268897098386,
3120,Rospentek,20,-51.6653659201725,-72.1454724827851,
3121,Naschel,19,-32.9152230325695,-65.3759277135525,
3122,Barrio Kennedy,2,-37.0202869812865,-57.1033880422358,
3123,Isla de Cañas,17,-22.8991389794964,-64.665199431842,
3124,Fortín Olavarría,2,-35.7026243197771,-63.0240574481296,
3125,Estación Aráoz,24,-27.0551485638297,-64.9212945001276,
3126,Darwin,16,-39.2029544202193,-65.7397556742309,
3127,La Tercena,3,-28.3721877692373,-65.7048797047004,
3128,Sacanta,6,-31.6633982534863,-63.0479613788196,
3129,Almafuerte,14,-27.5081178906152,-55.4035236654766,
3130,Riocito,19,-33.0947038887342,-65.9928176039042,
3131,Carmen de Patagones,2,-40.8025151532734,-62.983602185804,
3132,Campo La Cruz,17,-22.4988923351335,-65.0980183274628,
3133,San Bernardo,4,-27.2867193175886,-60.7128491725155,
3134,Jubileo,8,-31.7312076592228,-58.6357175685439,
3135,Castelar,21,-31.6685679305441,-62.0901355657806,
3136,Villa Francia,2,-34.790121517586,-62.2010232032348,
3137,Sanford,21,-33.1459879020981,-61.2772000921421,
3138,Gobernador Echagüe,8,-32.3933721966686,-59.2758896426831,
3139,El Bañado,3,-28.4601111014785,-65.7120151705902,
3140,Lampacito,3,-26.7145521014582,-66.068288107357,
3141,Tornquist,2,-38.1012814183258,-62.2229543263369,
3142,El Corte,24,-26.8299850957777,-65.1564395996086,
3143,La Merced del Encón,17,-24.8728089227878,-65.5632223954963,
3144,Gobernador Ugarte,2,-35.1638916110581,-60.0789192444737,
3145,Campana,1,-34.1383889592815,-58.8829573786219,
3146,Juncal,21,-33.7162803631951,-61.050912152287,
3147,Los Menucos,16,-40.8428099773832,-68.0859200877061,
3148,Junín de los Andes,15,-39.9508849432704,-71.0708635804128,
3149,Palo Blanco,3,-27.3349292033561,-67.7549811841083,
3150,Corcovado,5,-43.5393021853837,-71.4688553319904,
3151,Medrano,13,-33.1767732947655,-68.615165408116,
3152,Montefiore,21,-29.6686952143335,-61.8668950035658,
3153,Traill,21,-31.9215223623491,-61.7026271267646,
3154,La Juanita,8,-31.8750484074246,-60.6489560785938,
3155,Pigüé,2,-37.6025487129648,-62.4083614847022,
3156,De la Canal,2,-37.1272865838688,-59.1053808045858,
3157,Garré,2,-36.5618972268973,-62.6044086067097,
3158,Chajarí,8,-30.7547242034728,-57.9817893682594,
3159,Ciénaga del Coro,6,-31.0424218865363,-65.2835250950022,
3160,Villa San Martín,18,-31.5166850316001,-68.3501194431075,
3161,Gardey,2,-37.2797250332818,-59.3628688181827,
3162,Barrio La Unión,10,-24.4047316322635,-65.0704593431767,
3163,Mojón de Fierro,9,-26.033189506258,-58.0490510004921,
3164,Juan Jorba,19,-33.6131704931711,-65.2721849305877,
3165,Argentina,22,-29.5347106971472,-62.2671396779978,
3166,Puente del Inca,13,-32.8245526492181,-69.9099697759362,
3167,Colonia Marina,6,-31.2487600057487,-62.3639059540432,
3168,Rauch,2,-36.7744147068395,-59.0882891429717,
3169,Los Sarmientos,24,-27.4147898543313,-65.693197073251,
3170,Calchín Oeste,6,-31.8625489348075,-63.2777859929812,
3171,Navia,19,-34.7748629847123,-66.5864418318649,
3172,Colonia Alpina,22,-30.0600971965697,-62.1033916786959,
3173,Ramallo,2,-33.4852021182933,-60.0044384241728,
3174,Carlos Beguerie,2,-35.4856392097213,-59.0997695658079,
3175,San Blas,12,-28.4083143830216,-67.0919352471477,
3176,9na Sección,13,-32.8841390986768,-68.8734502560761,
3177,Costa Flores,13,-33.0582266670311,-68.9318712034055,
3178,Sundblad,2,-35.7645483584805,-63.1402093438199,
3179,La Esperanza,13,-33.3200346810559,-68.3297953561512,
3180,Almirante Brown,1,-34.8356191132619,-58.3673729329589,
3181,Segunda Usina,6,-32.165000699904,-64.3791841282962,
3182,Calilegua,10,-23.7745688572598,-64.7700370415998,
3183,Hambis,8,-31.9636306181098,-58.5077297627347,
3184,Valle Hermoso,6,-31.1139612029398,-64.4851589438646,
3185,Colonia Segovia,13,-32.8476009252565,-68.714112383008,
3186,Marull,6,-30.9938649652781,-62.8253384767479,
3187,Parada Labougle,7,-30.3190129970515,-57.7296875439557,
3188,Colonia Anita,6,-31.1199281862336,-62.2343229967618,
3189,El Sosneado,13,-35.0809852761248,-69.582519436686,
3190,Colonia Tinco,22,-27.4148013252756,-64.9407712301092,
3191,Guardamonte,8,-32.0811453250374,-59.3059536407295,
3192,Villa Mazán,12,-28.6641036370684,-66.5444740613413,
3193,La Caldera,17,-24.602693751737,-65.3806351689508,
3194,El Bolsón,16,-41.9650216282198,-71.5343635899288,
3195,Barrio Unión,16,-39.1654073093272,-66.1464170355283,
3196,Las Aguadas,19,-32.37588435267,-65.5011350136306,
3197,Barrio 25 de Mayo,5,-45.8264075098405,-67.4632431224591,
3198,El Challao,13,-32.854641750271,-68.8929808830502,
3199,La Lobería,16,-41.1527268091278,-63.1254161554067,
3200,López,21,-31.9048159974825,-61.2777538760134,
3201,El Chañar,24,-26.7573584986974,-65.0679645328724,
3202,Pronunciamiento,8,-32.3460070616066,-58.4441779122741,
3203,Miguel Riglos,11,-36.8563949352294,-63.6878256059741,
3204,Los Ralos,24,-26.8894198589558,-64.9970113292216,
3205,San José del Boquerón,22,-26.1192103885262,-63.7040382511604,
3206,Río del Valle,17,-24.6747984174126,-64.201349993083,
3207,Villa Reynolds,19,-33.72096243853,-65.3836262490669,
3208,Mayu Sumaj,6,-31.4722715599591,-64.5414696810019,
3209,Logroño,21,-29.5037555445199,-61.6961473349937,
3210,Vera,21,-29.4592286244509,-60.2147719463375,
3211,Bárcena,10,-23.9822347118108,-65.4524460878126,
3212,Villa Don Bosco,18,-31.5538160953949,-68.3389754932514,
3213,Potrero de Garay,6,-31.7800958270373,-64.5453776263578,
3214,El Paramillo,13,-32.7812221257526,-68.5338111736003,
3215,Barrio Tungoil,14,-27.1148151629571,-55.3838706211331,
3216,Pérez,21,-32.9988721693539,-60.7698686117531,
3217,Miguel Torres,21,-33.5264616524828,-61.4658726912491,
3218,El Fuertecito,6,-31.4037063130894,-62.9737012437578,
3219,Pueblo Cazes,8,-32.0031495857066,-58.4907942685898,
3220,Payogasta,17,-25.051434869104,-66.1029451969879,
3221,Necochea - Quequén,2,-38.5544601626934,-58.7392368204408,
3222,Massey,2,-35.0489665819641,-63.1222119649592,
3223,Tuyubil,12,-28.578972848381,-67.1973939987239,
3224,Panaholma,6,-31.6329535992682,-65.0549532916181,
3225,Porvenir,2,-34.9504133610755,-62.2237376442526,
3226,Colan Conhué,5,-43.2413702729388,-69.9303348841452,
3227,Santa María,17,-22.1536004116142,-62.8086450385732,
3228,Angastaco,17,-25.6909487628881,-66.1670201407088,
3229,Colpes,3,-28.0654919189984,-65.812634342758,
3230,Cañada de Río Pinto,6,-30.7757911856885,-64.218650967602,
3231,Los Indios,2,-34.3718154854636,-60.6540749236981,
3232,Vistalba,13,-33.0408263233575,-68.9253619869867,
3233,Esteban Rams,21,-29.7724217463121,-61.489981972125,
3234,El Moreno,10,-23.8537061175809,-65.8317966305947,
3235,Juan José Paso,2,-35.849370285201,-62.2947176314047,
3236,Tanti,6,-31.3547963972077,-64.5923472529954,
3237,Suriyaco,12,-28.5399692310612,-67.1569046720953,
3238,El Mirador,13,-33.2903010233035,-68.3393143822803,
3239,Laguna Escondida,23,-54.6407832656577,-67.7629045285789,
3240,Fernández,22,-27.9253152933844,-63.8945883785409,
3241,Martín de Loyola,19,-35.7124530313913,-66.3538565873865,
3242,Maíz Negro,10,-23.9511929344893,-64.7737309391964,
3243,Itín,4,-27.4874319308341,-61.3244820037252,
3244,Villa Fontana,6,-30.8937076951316,-63.1171529409041,
3245,Ardiles,22,-27.4120561654814,-64.4993209001353,
3246,Acceso Norte,5,-45.7837934066429,-67.4960737067253,
3247,Los Ángeles Sur,3,-28.4829836288114,-65.950615432131,
3248,Colonia Pando,7,-28.5237974395846,-58.4875853173806,
3249,Alvarez Jonte,2,-35.321734804158,-57.4539642083357,
3250,Santa Teresa,21,-33.4366466949144,-60.7904875487752,
3251,Berazategui,1,-34.8182447703804,-58.1554615086763,
3252,El Crucero,22,-27.574184310469,-63.3290357182559,
3253,Los Muchachos - La Alborada,21,-33.0902979325778,-60.7363300440491,
3254,Villa General Belgrano,6,-31.9764928137116,-64.5590536588416,
3255,Arata,11,-35.6390821337794,-64.3563635138327,
3256,Puente Lavayén,10,-24.2731383461315,-64.7057888272571,
3257,El Calafate,20,-50.3380295398274,-72.2606652422011,
3258,La Arboleda,13,-33.3614609687859,-69.1196031138833,
3259,San Javier,14,-27.8694801169929,-55.1387152363081,
3260,Barra Concepción,14,-28.1166982283608,-55.5815159939001,
3261,Resistencia,4,-27.4510757112285,-58.9864835287395,
3262,Barrio Presidente Perón,16,-38.8008452873057,-68.0736580257466,
3263,El Cholar,15,-37.4414810363417,-70.6454455897046,
3264,Valle Grande,10,-23.4758185654919,-64.9467698895773,
3265,Rawson,2,-34.6050847201737,-60.0668250412382,
3266,San Cayetano,7,-27.5712085908961,-58.695878654331,
3267,Jarilla,19,-33.3964475430666,-67.0265786063946,
3268,Barrio Cuatro Bocas,14,-26.5502969535792,-54.6805451702411,
3269,Villa Tercera,24,-26.8916971073269,-65.0125512617517,
3270,Ceibas,8,-33.4994143415822,-58.8003552616562,
3271,Barrio La Herradura,16,-39.0418057948641,-67.7814824165227,
3272,Villa Nueva,22,-28.3024445606439,-64.0202258300515,
3273,Arroyo Colorado,10,-24.3370113948988,-64.6630560505065,
3274,Mar de las Pampas,2,-37.3265635278993,-57.0225364322731,
3275,Rosario del Tala,8,-32.3006755060116,-59.1390668036666,
3276,Cepeda,21,-33.3981788372399,-60.6239149068104,
3277,Ticino,6,-32.693126806761,-63.4371065246176,
3278,Reta,2,-38.8948939829726,-60.3448580643218,
3279,Puerto Mado,14,-26.2297441722291,-54.623547911127,
3280,General Vedia,4,-26.9379341575218,-58.6619702597662,
3281,Cazador,19,-33.8547706325493,-66.3690785429312,
3282,Bañado de Soto,6,-30.7951306902471,-65.0526414509469,
3283,Colonia Mauricio,2,-35.5244413278434,-61.437092533341,
3284,Arroyito,15,-39.0744377413596,-68.57260717998,
3285,Ministro Ramos Mexía,16,-40.5070369086998,-67.2606154349799,
3286,Colonia Libertad,7,-30.0433033963297,-57.8217083171902,
3287,Ingenio Primer Correntino,7,-27.4336449302222,-58.624308399711,
3288,La Emilia,2,-33.3490410442337,-60.3156761852842,
3289,Las Lajas,15,-38.5234149456937,-70.361640644378,
3290,General Mosconi,9,-23.1838295308743,-62.3065720147533,
3291,Bowen,13,-35.0003485990211,-67.510340476478,
3292,Guadalcazar,9,-23.6729479317409,-61.1636076031556,
3293,Rafael García,6,-31.645100027091,-64.2593986892924,
3294,Arroyo Dulce,2,-34.1013884863046,-60.4087773379244,
3295,Las Juntas,3,-28.0983112879268,-65.8992367971529,
3296,Villa Gdor. Luis F. Etchevehere,8,-31.9350699101389,-60.4271676606855,
3297,Elena,6,-32.5703939625154,-64.3939049255638,
3298,Chabas,21,-33.2458400441171,-61.3588518242623,
3299,General Urquiza,14,-27.1078663191089,-55.3766161319568,
3300,Cardenal Cagliero,2,-40.6501557795596,-62.755627171392,
3301,Salvador María,2,-35.3006709969199,-59.170135916078,
3302,San José Norte,3,-26.788515790059,-66.0659271375354,
3303,Bahía Creek,16,-41.0831999241352,-63.9326015992993,
3304,Ingeniero Luis A. Huergo,16,-39.0732400150114,-67.2386838192488,
3305,Cuatro Bocas,22,-28.8642746592748,-61.8575926545697,
3306,La Floresta,6,-31.3968471082745,-64.0598690981123,
3307,León,10,-24.0352420315057,-65.431831855935,
3308,Espartillar,2,-37.3574109987361,-62.4383797934634,
3309,Puesto Sey,10,-23.9455624856797,-66.4882638900509,
3310,La Punilla,19,-33.1438840647571,-65.0900570093905,
3311,Morrison,6,-32.5928653914552,-62.8333406445711,
3312,Casares,22,-28.9481388447586,-62.8001028061063,
3313,Pampayasta Norte,6,-32.2409972250224,-63.6429755656541,
3314,Santa Teresita - Mar del Tuyú,2,-36.5814213165689,-56.6898984493421,
3315,Correa,21,-32.8486177247202,-61.2544973435105,
3316,Cerro Colorado,19,-33.2514037047875,-66.2273612725062,
3317,Aldea Valle María,8,-31.9900923662644,-60.5877262313482,
3318,Monte Nievas,11,-35.861584511751,-64.1531743254991,
3319,Esther,21,-31.0406925861747,-60.645191800097,
3320,Estación Camet,2,-37.8884221513547,-57.6069464405144,
3321,Dique Chico,6,-31.7458491155841,-64.3658108592105,
3322,Villa Alberdi,16,-39.1286196204352,-67.0467722039266,
3323,Villa San Justo,8,-32.4456044548761,-58.4354297687235,
3324,Saujil,3,-28.1747062346767,-66.2160450415187,
3325,Acoyte,17,-22.2838302400171,-65.0176745792452,
3326,Pozo Betbeder,22,-26.4098092599874,-64.3370611029544,
3327,Azopardo,2,-37.7042147933042,-62.9012860076337,
3328,La Verde,4,-27.1304179902021,-59.3761983068578,
3329,Carrizales,21,-32.5087389329534,-61.0322035764827,
3330,La Palestina,6,-32.6164345716079,-63.4093992321595,
3331,Dos Arroyos,14,-27.6990752244098,-55.251821768321,
3332,San Germán,2,-38.3017590568014,-62.9812849309099,
3333,Cruz de Piedra,19,-33.2660479910859,-66.2157798451663,
3334,Colonia Alberdi,14,-27.3600310986771,-55.2313265030991,
3335,San José de la Dormida,6,-30.3562694053766,-63.9502928149166,
3336,9 de Julio,18,-31.6697505180199,-68.3900417098157,
3337,Los Penitentes,13,-32.8415268564682,-69.8422733955305,
3338,Chalicán,10,-24.0693565239413,-64.8064033469102,
3339,Franck,21,-31.5871896835148,-60.9383404041712,
3340,Misarrumi,10,-22.2599122435649,-66.3679871670047,
3341,Santa Victoria,17,-22.2504442194025,-64.9647848032761,
3342,La Calera,19,-32.8634331665164,-66.84952892945,
3343,Azcuénaga,2,-34.3665475995779,-59.375480677999,
3344,Lomas de Zamora,1,-34.7549716277843,-58.4240931304426,
3345,Santa Catalina,10,-21.9471086802261,-66.0517684309227,
3346,Rueda,21,-33.335935157877,-60.4587807187351,
3347,Rivadavia,13,-33.1957654719345,-68.4659228773191,
3348,Villa Recaste,24,-26.8869216698984,-65.0069082959571,
3349,Montecristo,6,-31.3419860203389,-63.9472252989631,
3350,Gualeguay,8,-33.1504300803974,-59.3105755860058,
3351,José B. Casas,2,-40.4353207016459,-62.5441230494014,
3352,Abbott,2,-35.2813242498373,-58.8027833581267,
3353,San Carlos de Bariloche,16,-41.1358081611304,-71.3043392567773,
3354,Cañada Ombú,21,-28.3091298452064,-59.9835541954231,
3355,Dos Hermanas,14,-26.2930794265319,-53.7569299362558,
3356,San Cristóbal,21,-30.3116894195823,-61.2362062523892,
3357,Casa Grande,6,-31.1528415546034,-64.4734545635358,
3358,El Naranjo,24,-26.6617418425936,-65.0488046208754,
3359,La Nena,22,-28.4522996681141,-61.8383159073048,
3360,Yapes,3,-26.8340375488912,-66.0336015464692,
3361,Colonia Anguinán,12,-29.2505767387971,-67.4438295295196,
3362,Andolucas,12,-28.50047509401,-67.1351452318637,
3363,Hortensia,2,-35.9242331792084,-61.2628507762325,
3364,Presidencia Roca,4,-26.1437153807833,-59.5950291800733,
3365,Fortín Inca,22,-29.1274713887712,-61.9344762646139,
3366,Saco Viejo,16,-40.8152519077614,-64.7574203785112,
3367,Benito Juárez,2,-37.6742849744259,-59.8048051840714,
3368,Mechita,2,-35.0733790333491,-60.4118165706567,
3369,San Jerónimo Sud,21,-32.8793987837978,-61.0276951551143,
3370,Maipú,2,-36.8629587024659,-57.8831233218316,
3371,Molinos,17,-25.4372272755286,-66.2945118021659,
3372,Ramón Santamarina,2,-38.449126631872,-59.3305079863938,
3373,Chañar Ladeado,21,-33.3261685000027,-62.035232168956,
3374,Barrio La Lor,16,-38.9351395882714,-68.0282525382075,
3375,Coronel Charlone,2,-34.6740160429651,-63.3694055384796,
3376,El Medanito,18,-31.5830609581602,-68.504724344984,
3377,Bonpland,14,-27.4854037770063,-55.4800946081688,
3378,Luján,1,-34.5673224195589,-59.1584564399662,
3379,Chelforó,16,-39.0877181475492,-66.5207520123842,
3380,Juan B. Molina,21,-33.4938372185306,-60.5107844353139,
3381,Jaramillo,20,-47.1840284109773,-67.1447240080037,
3382,Rincón,6,-31.5958596466896,-63.6170204307722,
3383,Herrera,22,-28.4829143821031,-63.0662378189146,
3384,Itá Ibaté,7,-27.4258760157694,-57.3381268072242,
3385,Bengolea,6,-33.0247715016078,-63.6698958046962,
3386,Portezuelo,12,-30.8369063708544,-66.7018026732352,
3387,San Agustín,6,-31.9776223398196,-64.3755856819348,
3388,Villa Roth,2,-34.5795848193084,-62.1713374178959,
3389,La Paz,8,-30.7404766242794,-59.6443012787354,
3390,Esteban Agustín Gascón,2,-37.4558365111846,-63.254311550389,
3391,Fuentes,21,-33.1724956665193,-61.0741301099096,
3392,Concepción,3,-28.6870984940716,-66.0658875426961,
3393,Paso del Durazno,6,-33.1707368569602,-64.0477630393348,
3394,Luca,6,-32.5405056698749,-63.4768932211512,
3395,Los Angeles,2,-34.4571453075658,-60.1802920837556,
3396,Colonia Dora,22,-28.6040232228037,-62.9504181401517,
3397,Macomitas,24,-26.7304610862501,-65.0107233516743,
3398,Kilómetro 17,14,-27.3157401414387,-54.9027258895434,
3399,Gödeken,21,-33.4003686079249,-61.844338894936,
3400,El Carmen,10,-24.3892859783731,-65.261542319292,
3401,Miraflores,4,-25.6494249777628,-60.9301874543371,
3402,Estación La Punta,22,-28.4102994601221,-64.7553659569935,
3403,Berón de Astrada,7,-27.5502192063956,-57.5284147514388,
3404,Luque,6,-31.6477262893289,-63.3450817196133,
3405,Corpus,14,-27.1294685196132,-55.5108314506366,
3406,Dunamar,2,-38.8585571626837,-60.0861874066163,
3407,Diamante,8,-32.0671282176756,-60.6426461219973,
3408,Moctezuma,2,-35.4779465108435,-61.4957649156919,
3409,La Silleta,17,-24.8749760307874,-65.5904804532058,
3410,Villa Santa Cruz del Lago,6,-31.3663813401722,-64.5219985925242,
3411,Barrio Colinas Verdes,2,-37.8925252468278,-57.824524761927,
3412,Gobernador Crespo,21,-30.3629535491006,-60.4002397836296,
3413,Pindapoy,14,-27.749423151438,-55.7947789586155,
3414,San Pedro,22,-27.9462150522154,-64.1640054573006,
3415,Merlo,19,-32.3426351395134,-65.013732533825,
3416,Zaparinqui,4,-26.0657920174407,-60.5619267013874,
3417,Lago Blanco,5,-45.9369835437361,-71.2682429484838,
3418,San Agustín,2,-38.014111278487,-58.3559342499123,
3419,Estación Escriña,8,-32.5921302043254,-58.9059282838468,
3420,Villa La Rivera (Oliveros),21,-32.6349730637308,-60.8202265666262,
3421,La Laguna,6,-32.8025264638807,-63.2470933409626,
3422,Carahunco,10,-24.3077483981977,-65.0821380212023,
3423,Quintas El Mirador,5,-42.8139694814765,-65.0395251053117,
3424,Oliveros,21,-32.5739334256463,-60.8546423192064,
3425,Facundo,5,-45.3086428835566,-69.9748624907449,
3426,San Ramón,8,-30.8188156466658,-58.2497947667639,
3427,Las Isletillas,6,-32.5092190889334,-63.9289560413206,
3428,Cululú,21,-31.2060921384088,-60.930019007513,
3429,Barrancas,21,-32.2345807567088,-60.9835149225084,
3430,Casas,21,-32.1256336531397,-61.5398429094885,
3431,Villa Canto,2,-33.3697926155654,-60.2952727229451,
3432,Villa Giardino,6,-31.0502719319409,-64.496785385042,
3433,Plaza Saguier,21,-31.3242843684607,-61.6680539303171,
3434,El Bañado,3,-28.6214877581312,-65.8564782819331,
3435,Vera y Pintado,21,-30.144270055071,-60.338807685305,
3436,Parera,11,-35.1467597216817,-64.5023084091661,
3437,Hualfín,3,-27.2247667925684,-66.8339992772836,
3438,Las Saladas,6,-30.75960088275,-63.2042758081725,
3439,La Merced,3,-28.1544077397567,-65.6594385462931,
3440,Villa La Rivera (Pueblo Andino),21,-32.6388659356076,-60.8226652162287,
3441,El Mojón,22,-26.0927392904855,-64.3091543984463,
3442,Estación Atamisqui,22,-28.4937289050537,-63.9374460740792,
3443,Agustina,2,-34.457840917544,-61.0664981031808,
3444,El Volcán,19,-33.2531001469598,-66.1751613051647,
3445,Mina Clavero,6,-31.7294276425479,-65.0050003391732,
3446,Vista Flores,13,-33.6508757520733,-69.1557603957753,
3447,Tapso,22,-28.4037546106213,-65.0962494325382,
3448,Pieres,2,-38.3941169343993,-58.6723766249153,
3449,Caleufú,11,-35.5944912182792,-64.5586771612487,
3450,El Espinillo,4,-25.40879832111,-60.4477848678074,
3451,Cacique Ariacaiquín,21,-30.6563424367287,-60.2298081562417,
3452,Nahuel Niyeu,16,-40.5041134790307,-66.564687553536,
3453,Villa Borjas,18,-31.8140732015297,-68.3287888125891,
3454,Los Nacimientos,3,-25.8246381808033,-67.3717929184851,
3455,San José de Feliciano,8,-30.3854437363788,-58.7502572752322,
3456,Villa Ibáñez,18,-31.4656924248956,-68.7347142665786,
3457,María Grande,8,-31.6628074993378,-59.9040145960044,
3458,Oliva,6,-32.0382586068617,-63.5706764524477,
3459,Santa Rosa de Calamuchita,6,-32.0699095313468,-64.5390917673383,
3460,Azara,14,-28.0607079301754,-55.6770709044893,
3461,Las Arrias,6,-30.3817457917409,-63.5969003555789,
3462,Christophersen,21,-34.1831072305664,-62.0259622627198,
3463,La Falda,18,-30.1814817563673,-68.6798009591543,
3464,O'Higgins,2,-34.5855495645367,-60.6998875515446,
3465,San Pedro de Gütemberg,6,-29.6983650219047,-63.5606880209918,
3466,Felipe Solá,2,-38.0092406586158,-62.8224206965566,
3467,Laguna Larga,6,-31.7756994528712,-63.8003265395626,
3468,Conhelo,11,-36.0005318724578,-64.5985082000058,
3469,El Angosto,10,-21.8768015341057,-66.1885628101315,
3470,Barrio Molina Cabrera,13,-33.1090475452996,-68.1875184997736,
3471,Juan A. de la Peña,2,-33.8313815436909,-60.4879689960145,
3472,Lozano,10,-24.0776055082901,-65.4087089137146,
3473,Villa El Salvador,18,-31.455282119356,-68.4046421027422,
3474,Soldado Maldonado,24,-27.1441040762941,-65.5654357816848,
3475,Humberto Primo,21,-30.8683328011905,-61.3479428371346,
3476,Tambillos,10,-22.8970968885928,-65.9628850230963,
3477,Rosario de Río Grande (ex Barro Negro),10,-24.3085245642853,-64.9316417260753,
3478,Pastor Britos,8,-32.7702371034464,-58.9062943843502,
3479,Eustolia,21,-31.5766226542333,-61.783534186852,
3480,Villa San Martín (Est. Loreto),22,-28.3009863401582,-64.1841392858052,
3481,Piray Kilómetro 18,14,-26.5160511065749,-54.591418605974,
3482,Abramo,11,-37.8965637921854,-63.8504345021239,
3483,Piedrabuena,24,-26.7383473342522,-64.648161100962,
3484,Villa Ciudad de América,6,-31.7832436719837,-64.5305212730134,
3485,Santa Coloma,2,-34.0608712353202,-59.5602159639334,
3486,Aparzo,10,-23.0995270832539,-65.1857705262709,
3487,Villa Castelar,2,-37.3949214240607,-62.8034443473684,
3488,Jacinto Aráuz,11,-38.0828745548526,-63.4294378309598,
3489,Serrano,6,-34.4706743272088,-63.5402860917135,
3490,Las Perdices,6,-32.6989558280139,-63.704674204932,
3491,Villa La Serranía,2,-36.9892812502774,-60.311291456649,
3492,Quitilipi,4,-26.8707906795915,-60.215199589267,
3493,Guaminí,2,-37.0109209431129,-62.4222497379496,
3494,Los Barriales,13,-33.0996793533624,-68.5688059684624,
3495,Tecka,5,-43.4928649439078,-70.810780740043,
3496,Bario Ita,14,-26.5295241003043,-54.7068049181182,
3497,Triunvirato,2,-34.6757737227205,-61.4649918106555,
3498,Guardia Escolta,22,-28.9883385421435,-62.1265995234417,
3499,Pichi Huinca,11,-35.648606694329,-64.7697819492676,
3500,Cerro Policía,16,-39.7262745016586,-68.4915046626026,
3501,Shaqui,12,-28.4806277192518,-67.1284401544396,
3502,Sargento Cabral,21,-33.4313349259189,-60.6292865658996,
3503,Colonias Unidas,4,-26.6983483793636,-59.6322100649357,
3504,Villa Allende,6,-31.2936496256546,-64.2977013083088,
3505,Carolina,19,-32.8108022264174,-66.091951945009,
3506,La Puerta,3,-28.1563452866546,-65.7938676297893,
3507,Vieytes,2,-35.2674644876688,-57.5749197797454,
3508,La Boca del Río,6,-31.8399753508458,-64.4379366923623,
3509,Ingeniero Thompson,2,-36.6109231766528,-62.9129347766243,
3510,San Antonio de los Cobres,17,-24.2161442771278,-66.3210644859191,
3511,Country Club Los Caldenes,19,-33.7073372784002,-65.3835104526824,
3512,Los Pinos,2,-37.9427097517635,-58.3242767397677,
3513,Berutti,2,-35.8526319389224,-62.5123780756247,
3514,Capilla de Sitón,6,-30.5736867798877,-63.6537124574227,
3515,Niquivil,18,-30.4089037874511,-68.6913470184304,
3516,Timote,2,-35.3475472201356,-62.222942582609,
3517,Villa Libertador San Martín,8,-32.0739285541973,-60.4610408161734,
3518,Barrio Caima,21,-31.837920072339,-60.8650325885341,
3519,Piñalito Sur,14,-26.4261022476787,-53.8414300402392,
3520,Puerta de Colorados,10,-23.5710031471094,-65.6971246616178,
3521,Despeñaderos,6,-31.8142805534065,-64.2947750028746,
3522,Los Antiguos,20,-46.5510756582751,-71.6312708108782,
3523,Gan Gan,5,-42.5222032556101,-68.2841375256888,
3524,Marcos Paz,1,-34.8140029646158,-58.8478312046572,
3525,Concepción de la Sierra,14,-27.9805783904721,-55.5215882217731,
3526,San Gregorio,21,-34.3253785024948,-62.0358132414126,
3527,Los Quiroga,22,-27.6526031284249,-64.3549548145901,
3528,Camet Norte,2,-37.8244829233582,-57.4918495062702,
3529,Aranguren,8,-32.2457755164885,-60.1583505738708,
3530,Santa Rosa,17,-24.0251788626155,-63.0822483282419,
3531,Aldao,21,-32.7044761588355,-60.8159027763388,
3532,Gualjaina,5,-42.7238322616018,-70.5377200171443,
3533,Pueblo Andino,21,-32.6699421082672,-60.8753783738369,
3534,Theobald,21,-33.31097736103,-60.3123732147956,
3535,Nueva Galia,19,-35.1151810754279,-65.2587339949911,
3536,Florentino Ameghino,14,-27.6336169442892,-55.0855260883891,
3537,Villa Parque Girado,2,-35.6268500726765,-58.0146293485063,
3538,Villa Ana,21,-28.492662372008,-59.6133285645851,
3539,El Recreo,9,-25.0407804838539,-59.2942416355715,
3540,Chivilcoy,2,-34.8968958265909,-60.019091373661,
3541,Arequito,21,-33.144800394228,-61.469507176368,
3542,Loreto,14,-27.3329451758117,-55.5222494577568,
3543,Aldea Santa María,8,-31.6113329912328,-60.0068869508086,
3544,La Rancherita y Las Cascadas,6,-31.7548292525151,-64.459039075214,
3545,Río Piedras,17,-25.3143250298143,-64.9103816832585,
3546,Cañada de Luque,6,-30.735237542796,-63.7239710294834,
3547,Villa Tulumaya,13,-32.7214491953041,-68.5957757244643,
3548,Colombres,24,-26.8854242441172,-65.0998333980837,
3549,Malagueño,6,-31.467399279117,-64.3590212016997,
3550,Granadero Baigorria,21,-32.8618305060886,-60.7063332396164,
3551,Puerto Eva Perón,4,-26.6637000135185,-58.6323972254936,
3552,Puerto Santa Cruz,20,-50.0186587486252,-68.5213642316797,
3553,Río Colorado,16,-38.990834299905,-64.095825075091,
3554,La Cieneguita,13,-32.8558877491946,-68.8441750722165,
3555,San Isidro,18,-31.4871486162169,-68.3247865269356,
3556,Famaillá,24,-27.0576478657862,-65.4030561102547,
3557,Arribeños,2,-34.2083919072983,-61.3552420947011,
3558,El Pueblito,6,-31.9578095999862,-65.0744379982192,
3559,Coronel Juan Solá,17,-23.4704779613872,-62.8879058681011,
3560,San José de La Cocha,24,-27.7312204812804,-65.5836838149417,
3561,Cañadón Chileno,16,-40.8889541326296,-70.0237673238993,
3562,Aguas Verdes,2,-36.6368892772513,-56.6900593491458,
3563,Stephenson,21,-33.4143409934794,-60.5594232427324,
3564,José de la Quintana,6,-31.8026714302919,-64.4145832997616,
3565,La Primavera,13,-32.9221369560573,-68.6710978782116,
3566,Choele Choel,16,-39.2963553874707,-65.6576786757775,
3567,Corrientes,7,-27.4633450136008,-58.8394728460849,
3568,General Deheza,6,-32.7563272558798,-63.7891325487676,
3569,Los Angeles,3,-28.4521437991819,-65.9504381171072,
3570,Villa Los Aromos,6,-31.7344879855051,-64.4390689481257,
3571,Medellín,22,-28.6523413407303,-63.7855074435545,
3572,Rapelli,22,-26.3933184952052,-64.5050512759518,
3573,La Aurora,22,-27.4959402813048,-64.2306649546912,
3574,San Roque,7,-28.5693032326122,-58.7051349847879,
3575,Amaicha del Valle,24,-26.5936605204655,-65.9200851656867,
3576,Wildermuth,21,-31.944834106458,-61.4013336490333,
3577,Teniente Origone,2,-39.0578094179787,-62.5704145591734,
3578,Ingeniero Foster,11,-35.7034612221329,-65.1029678622192,
3579,Chancani,6,-31.4159636346356,-65.4512532371259,
3580,Avellaneda,6,-30.5942904368422,-64.2056869543903,
3581,Tedín Uriburu,2,-37.3642718551926,-59.7602029255285,
3582,Villa Lía,2,-34.1232002564582,-59.4304824481459,
3583,Colonia San José,11,-36.1170514464671,-63.9040708614432,
3584,6ta Sección,13,-32.8788927457713,-68.8532574679282,
3585,Rojas,2,-34.2002062759896,-60.72947907762,
3586,San Martín,19,-32.410603795414,-65.6757116418494,
3587,Pampa Almirón,4,-26.7011493406054,-59.12404507586,
3588,El Divisorio,2,-38.3232806651225,-61.4442755598393,
3589,Mariano Benítez,2,-33.7078470960533,-60.5834220063022,
3590,Moreno,1,-34.6106807864957,-58.8108985084533,
3591,Colonia Las Cuatro Esquinas,6,-31.2085480364788,-63.2229686703641,
3592,Punta Alta,2,-38.8781733532983,-62.0794804613607,
3593,Tres Algarrobos,2,-35.1955958207681,-62.7744093028291,
